thread_id,customer_text,historical_reply,true_intent,predicted_intent,should_escalate,predicted_escalate,escalation_reason,draft_reply,helpfulness_score,tone_score,judge_reasoning,human_helpfulness_score,human_tone_score
1309,Hi @USER I have a premium account as part of my @USER bundle. I'd like to have premium family but am not sure if it's possible due to the account type I have. Can you advise? Thx,@USER Hey Kate! We'll help out. Can you DM us your account's email address? We'll take a look under the hood /AN,Billing & Subscription,Billing & Subscription,True,True,"The user is inquiring about changing their subscription plan from a bundle to a Family plan, which requires manual review and billing adjustment.","Hey there! Thanks for reaching out. Since this involves changing your specific plan type from a bundle to Family, I've flagged this for our billing team to review your account details and guide you through the switch. You'll hear from them shortly! /AI",2,3,"The draft hallucinates a 'billing team' and promises a callback, whereas the ground truth correctly identifies that the agent needs to inspect the account directly via a DM. The tone is acceptable but lacks the specific, actionable next step (DM for email) required to resolve the issue.",,
228,@USER Misleidende reclame,"@USER Hey! We can help out in English via Twitter, but we also have Dutch support via email at /SJ",App Bug & Performance,Feature Request & Feedback,False,False,"The user is providing general feedback about advertising practices, which does not indicate a specific technical failure, billing dispute, or account issue requiring immediate human escalation.",Hey! Thanks for the feedback. We're always working to make our ads more relevant and less intrusive. We've passed this along to the team! 📝 /AI,2,4,"The draft fails to address the language barrier or provide the correct support channel (Dutch email) as done in the ground truth, instead offering a generic and potentially misleading acknowledgment. The tone is casual and empathetic, but the lack of actionable help significantly lowers the helpfulness score.",,
51,"@SpotifyCares Yesterday the Spotify toolbar disappeared from my Android phone's lock screen. Is this a bug, or was it removed in an update, or what?","@USER Hey Brenda, help's here! Does logging out, restarting your device, and logging back in make a difference? /LO",App Bug & Performance,App Bug & Performance,False,False,This is a UI display issue that can be resolved with troubleshooting steps.,"Hey! That sounds like a UI glitch. Try clearing the app cache or checking your lock screen widget settings. If it’s still missing, a reinstall usually fixes it. Let us know if it comes back! 📱 /AI",4,4,"The response provides relevant troubleshooting steps (clearing cache, checking settings) that address the user's issue, though it misses the specific 'logout/restart' advice from the ground truth. The tone is casual and empathetic, fitting the brand voice well with appropriate emoji usage.",,
1518,"@USER @SpotifyCares Im literally your loyalist customer, everyday reposting my daily mixes and uses, may i pls come to the nyc holiday party?","@USER Hey! This account is for Spotify account questions only, but let us know which party you're referring to, we'll see what we can find out /PB",App Bug & Performance,Feature Request & Feedback,False,False,"The user is expressing loyalty and requesting an invitation to an event, which falls under general feedback and community engagement rather than a technical issue or billing dispute.","Hey! That’s awesome to hear, we really appreciate your support! 🎉 We don’t have a public application process for the NYC holiday party, but keep those daily mixes coming! /AI",3,4,"The draft fails to address the core issue by hallucinating a policy about a 'public application process' instead of clarifying the account's scope or asking for details like the ground truth. The tone is friendly and casual, but the incorrect information reduces its overall helpfulness.",,
563,@USER when will we lyrics back?? It’s been too long! How am I supposed to learn my favorite artist lyrics without sounding like a fool?,"@USER Hey! Can you check if you're listening to a Genius-powered track, and try following these steps Let us know how it goes /KM",Audio Playback Failure,Feature Request & Feedback,False,False,"This is a product feedback request regarding a missing feature, not a technical failure or account issue.","We hear you! We're always working on improving the experience, so keep an eye out for updates. 🎤 /AI",2,4,"The draft is generic and fails to provide the specific troubleshooting steps (checking for Genius-powered tracks) found in the ground truth, leaving the user without a solution. The tone is casual and empathetic, but the lack of actionable advice significantly reduces its helpfulness.",,
501,"@SpotifyCares Hey, I can't upgrade to premium. ""503 Service Unavailable. No server is available to handle this request."" Android app and web app.",@USER Hey Sverre! Thanks for letting us know. Everything’s looking good on our end now - are you still having this issue? /NH,Billing & Subscription,App Bug & Performance,True,False,"The issue is a transient server error (503) affecting the upgrade flow, which is a technical performance issue rather than a billing dispute or account lockout.","Whoops, that 503 error is definitely not the vibe we're going for! 📉 It looks like our servers are having a hiccup. Please try again in a few minutes or clear your app cache. If it persists, let us know! /AI",4,5,"The draft correctly identifies the issue as a server-side error and provides standard troubleshooting steps (wait/clear cache) which aligns with the ground truth's implication that the issue is temporary. The tone is casual, empathetic, and uses appropriate emojis, matching the brand voice perfectly.",,
457,"@SpotifyCares Yes I understand there is a limit, but why?",@USER 1: In this case. the reason is because less than 1% of users reach the 10k limit on Your Music. The current limit ensures a great...,App Bug & Performance,Feature Request & Feedback,False,False,The user is questioning a product design decision rather than reporting a technical failure or billing issue.,"We hear you! We're always looking for ways to improve the experience, so we've passed your feedback along to the team. Thanks for helping us make Spotify better! 🎧 /AI",1,3,"The draft fails to answer the user's specific question about the rationale behind the limit, instead providing a generic 'feedback received' response that ignores the core inquiry. While the tone is casual, it is unhelpful because it does not provide the explanation (statistical rarity of usage) found in the ground truth.",,
285,Hi @SpotifyCares I just got a new laptop &amp; wondering if there's a way to transfer downloaded songs from my old one w/o redownloading? Thanks,@USER 2: There's more info about managing offline devices here: /KB,App Bug & Performance,Playlist & Library Sync,False,False,This is a standard sync and data transfer inquiry that can be resolved with general guidance.,"Hey there! Unfortunately, offline downloads are tied to the specific device they were saved on, so you can't directly transfer the files. You'll need to re-download them on your new laptop, but your library and playlists will sync automatically once you log in. Hope that helps! /AI",4,5,"The AI provides a direct and accurate answer to the user's specific question about transferring files, which is more helpful than the generic link provided by the human agent. The tone is casual, empathetic, and concise, perfectly matching the brand voice.",,
1508,@SpotifyCares No it doesn’t. have the most recent update and premium,@USER Let's try restarting your phone. Just press and hold the Sleep/Wake and Volume Down buttons for about 10 seconds. Keep us posted /CX,Billing & Subscription,App Bug & Performance,True,False,"The user is reporting a technical issue with the latest app version, which is typically handled by the technical support team rather than requiring immediate human escalation.",Sorry to hear the latest update isn't working as expected! Could you let us know what specific issue you're seeing? We'll get to the bottom of it. /AI,3,4,"The draft is empathetic and asks for clarification, which is a reasonable step, but it misses the specific troubleshooting action (force restart) provided in the ground truth, making it less immediately helpful. The tone is casual and appropriate, though slightly more verbose than the concise human agent.",,
209,"@SpotifyCares Hey so this is the third time this happens, out of nowhere all my downloads disappear. ☹️ I went to listen to music offline today and found that I couldn't because they were all gone.","@USER Hey Adrian, sorry to hear that! Check out the steps under “Downloads unexpectedly removed” at They should help with this /SY",Playlist & Library Sync,Playlist & Library Sync,False,False,This is a known sync issue that can be resolved with standard troubleshooting steps.,"Oh no, that's super frustrating! 😔 Let's try to fix this. Please check your storage space and make sure you're connected to Wi-Fi, then try re-downloading a few tracks. If they still vanish, try clearing the app cache. /AI",3,4,"The draft provides generic troubleshooting steps (storage, Wi-Fi, cache) rather than directing the user to the specific 'Downloads unexpectedly removed' help article or requesting a DM for account-specific investigation, which is the standard procedure for recurring issues. The tone is empathetic and casual, matching the brand voice well, though it lacks the specific routing found in the ground truth.",,
1385,.@USER please stop sending me upcoming concert emails full of sold-out shows. It’s MEAN.,"@USER We hear you, Kaitlyn! Your feedback has been noted and passed onto the team 👊🏼 /KL",App Bug & Performance,Feature Request & Feedback,False,False,"This is a complaint about marketing email frequency and content, which falls under general feedback rather than a technical or billing issue.",We hear you! It’s definitely frustrating to see sold-out shows in your inbox. We’ve passed your feedback to the team so they can look into improving those notifications. Thanks for letting us know! 🎸 /AI,5,5,"The response accurately mirrors the ground truth by acknowledging the frustration and confirming the feedback was passed to the team. The tone is empathetic, casual, and concise, matching the brand voice perfectly.",,
1516,@SpotifyCares I recently joined Spotify premium I used to have ITunes can you please let me know how could I import my ITunes library to Spotify’s library ? Thanks,"@USER Hey! You can find more info on how to import your tunes from iTunes at If you have questions, let us know /RA",Billing & Subscription,Feature Request & Feedback,True,False,"This is a general inquiry about a feature that is not currently available, requiring a standard informational response rather than escalation.","Hey there! Thanks for joining Premium 🎉 Unfortunately, we don't have a direct import tool for iTunes libraries yet. You can manually add your favorite tracks to playlists or use the 'Search' bar to find songs you loved on iTunes. We've passed your feedback along to the team! /AI",2,4,"The draft hallucinates that there is no direct import tool, whereas the ground truth implies a standard process exists (likely referring to the 'Import from Apple Music/iTunes' feature or a specific guide link). While the tone is good, the advice is factually incorrect and unhelpful compared to the correct routing.",,
1827,"@USER we really need spotify in our country, i will go with premium subs if i have to!","@USER Hey Roger! Just to check, where are you currently located? /JN",Billing & Subscription,Feature Request & Feedback,True,False,"This is a general request for regional availability, not a technical issue or billing dispute.","We hear you! We're always working to bring Spotify to more places, so keep an eye on our updates. 🌍 /AI",3,4,"The draft provides a generic response without asking for the user's location, which is the key step in the ground truth to determine availability or route the request. The tone is empathetic and casual, matching the brand voice well, but it misses the opportunity to gather necessary information.",,
1116,@USER How do you stop premium???,@USER Hey! We can help cancel your subscription. Can you DM us your account's email address? We'll be waiting for your reply /MG,Billing & Subscription,Billing & Subscription,True,True,"The user is asking how to cancel their Premium subscription, which involves account management and billing actions that require human verification.","Hey! To cancel your Premium plan, you can go to your account settings on the web or in the app and select 'Manage Plan' to switch to a free tier or cancel. If you're having trouble finding that option, let us know! /AI",3,4,"The draft provides generic self-service instructions rather than following the ground truth protocol of requesting the account email via DM to handle the cancellation directly. The tone is casual and helpful, but it misses the specific routing step required by the human agent.",,
178,"@SpotifyCares Sorted, thanks! Took over an hour and several different devices, but done. Kept receiving a server error. Thanks for getting back to me. (Just got to wait &amp; go through 8 days of kids arguing for Premium for Family now) 😂👍","@USER Glad to hear you're finally on Premium for Family now! If you ever need us again, we're just a tweet away. 😁 /JE",Billing & Subscription,Account & Login Access,True,True,"The user reported persistent server errors and significant troubleshooting time, indicating a potential underlying technical or account issue that requires human verification.",Glad you got it sorted! Sorry about the server errors and the wait. Good luck with the family plan negotiations! 🎧 /AI,5,5,"The response perfectly matches the casual, empathetic tone of the ground truth while acknowledging the specific pain points (server errors, family dynamics) mentioned by the user. It is concise, uses appropriate emojis, and closes the loop effectively without adding unnecessary fluff.",,
1209,@USER can y'all update red velvet's discography already? why is rebirth still their most recent album?,"@USER Hi! We’d love to have all of Red Velvet's stuff available, but we have some info about content here: We'll be here if you have other questions 🙂 /RR",App Bug & Performance,Content Availability,False,False,"This is a standard content availability issue regarding missing or outdated artist discography, which is handled by the auto-resolution workflow.",We hear you! We're always working to keep our catalog up to date with the latest releases. We've flagged this for our content team to review. Thanks for the heads up! 🎧 /AI,3,4,"The draft is helpful and empathetic but hallucinates a specific action ('flagged for our content team') which the ground truth avoids by simply stating they would love to have the content. The tone is good and casual, though slightly more verbose than the concise ground truth.",,
864,"@SpotifyCares It’s an iPhone 7 Plus, iOS 11.1.2 and it’s he most recent Spotify update",@USER Thanks! Does logging out &gt; restarting the device &gt; logging back in help? Keep us posted /JJ,App Bug & Performance,App Bug & Performance,False,False,"The user is providing device and OS details likely in response to a previous troubleshooting step for a technical issue, which can be handled by standard support protocols.","Thanks for the details! We'll use that info to help troubleshoot the issue. Is the app crashing, freezing, or just acting up? /AI",3,4,"The draft is helpful by acknowledging the device info and asking a clarifying question, but it misses the specific troubleshooting step (logout/restart) provided in the ground truth. The tone is casual and empathetic, fitting the brand voice well.",,
65,@SpotifyCares It is an #amazing album. @USER at his finest,@USER We'd love to have it on Spotify! Fingers crossed it'll soon be available to us 👍 /RK,Content Availability,Feature Request & Feedback,False,False,No escalation needed as this is positive feedback.,Thanks for the love! We're glad you're enjoying the album. 🎧 /AI,3,4,"The draft acknowledges the praise but misses the key implicit request in the ground truth, which is to express interest in adding the album to Spotify. The tone is casual and appropriate, though slightly less engaging than the human agent's enthusiastic 'fingers crossed'.",,
61,@SpotifyCares I have a problem with my new release not showing up under my artist profile. When can you fix this?,@USER Hey! Sorry about that. We’d recommend reaching out to your distributor/aggregator. They'll work with our team to get this sorted /MC,Content Availability,Content Availability,False,False,"This is a standard content availability issue regarding release visibility, which can be handled with general troubleshooting steps.","Hey! Sorry your new track isn't showing up yet. 🎧 It can sometimes take a bit for new releases to propagate across the platform. Please double-check that the release date has passed and that your distributor has confirmed the metadata is correct. If it's been over 24 hours, try clearing your app cache or reinstalling. Let us know if it's still missing! /AI",3,4,"The draft provides generic troubleshooting steps (clearing cache) which are often ineffective for backend metadata issues, whereas the ground truth correctly routes the user to their distributor, the actual party responsible for release propagation. The tone is empathetic and casual, fitting the brand voice well.",,
191,thank you @USER for giving me useless information when all i wanted to know was what he was saying at that moment,"@USER Hey Claire! These annotations give extra details to the songs. In the track's last Genius card, there’s a link to the full lyrics /CE",App Bug & Performance,Feature Request & Feedback,False,False,"The user is expressing frustration with the quality of lyrics or transcription features, which falls under product feedback rather than a critical account or billing issue.",We hear you! It’s frustrating when the lyrics don’t match what you’re hearing. We’ve passed this feedback to our team to help improve the accuracy. Thanks for letting us know! 🎧 /AI,2,4,"The draft fails to address the user's specific question about the meaning of the lyrics or the nature of the annotations, instead offering a generic 'feedback passed' response that doesn't solve the immediate confusion. The tone is empathetic and casual, but the lack of actual helpful information significantly lowers the overall quality.",,
447,"@USER Hello, im having problems qith my account! I paid for premium but I still can’t use it ??? My account seems to still be on spotify normal and the payment passed ! I turned off my account , still doesnt work. What can i do?",@USER Hey Melissa! Can you fire over your account's email address via DM? We'll take a look backstage /JA,Billing & Subscription,Billing & Subscription,True,True,"The user reports a successful payment that did not activate their Premium subscription, requiring manual billing verification.","Hey! Sorry about the mix-up with your Premium upgrade. Since the payment went through but the plan didn't switch, I've flagged this for our billing team to sort out ASAP. You'll hear from us shortly! /AI",2,4,"The draft hallucinates that the agent has already flagged the issue to a billing team, whereas the ground truth correctly identifies that the agent needs the user's email via DM to investigate. While the tone is empathetic and casual, the response is unhelpful because it provides false reassurance without gathering the necessary information to resolve the issue.",,
476,@USER I'm trying to authorize payment for my premium account and the website won't take payment! Funds are available whats wrong?,"@USER Hey Jewels, we'd love to help! Can you DM us your account's username/email address? We'll check what's happening backstage /JP",Billing & Subscription,Billing & Subscription,True,True,"The user is experiencing a payment authorization failure for their subscription, which requires manual review.","Hey! Sorry about the payment hiccup. Since the site isn't accepting your card, I've flagged this for our billing team to look into your account specifically. Hang tight! /AI",2,4,"The draft hallucinates an action ('flagged this for our billing team') without having the necessary account details, whereas the ground truth correctly requests the username/email via DM to actually investigate. The tone is casual and empathetic but lacks the specific routing instruction found in the ground truth.",,
1034,When will Spotify get updated and fixed for iOS especially to fit the iPhone X screen @SpotifyCares,@USER Hey David! Check out the official idea and add your vote to let our devs know it's something you'd like to see: /KL,App Bug & Performance,App Bug & Performance,False,False,This is a general performance and UI compatibility issue that can be addressed with standard troubleshooting or status updates.,"We hear you! We're constantly working on optimizing the app for all devices, including the iPhone X. Please make sure you're on the latest version from the App Store. If it's still glitching, try restarting your phone. Thanks for your patience! 📱 /AI",2,4,"The draft provides generic troubleshooting advice (restart phone) which is likely unhelpful for a specific UI fit issue and fails to direct the user to the official feature request/idea page as the ground truth did. The tone is casual and empathetic, but the lack of specific routing makes it less helpful.",,
1232,Hey @SpotifyCares could you figure out why Lauren got charged this month and sort it out please? We’re all terribly concerned with this.,"@USER Hey. We've checked backstage, and it appears everything has been sorted out. Thanks for the heads up! /AY",Billing & Subscription,Billing & Subscription,True,True,"The user is reporting an unexpected charge for a specific user, which requires manual billing investigation and potential refund processing.",Hi there! I'm sorry to hear about the unexpected charge for Lauren. I've flagged this for our billing team to investigate and sort out for you. Thanks for your patience! 🙏 /AI,2,4,"The draft hallucinates a specific action ('flagged for billing team') that the ground truth indicates was already resolved or required a different internal check, potentially misleading the user. The tone is empathetic and casual, fitting the brand voice well.",,
54,"@SpotifyCares I used the Inspect element in Chrome to look at the code for the form. It loaded in the window pane on the left side. When I closed the inspection tool, the form was still there. I entered my information and all is well. Weird.","@USER Just to clarify, were you able to successfully update your payment details? /LM",Billing & Subscription,App Bug & Performance,True,False,The user has already resolved the issue themselves and is sharing a technical observation rather than reporting an active problem.,"Haha, glad you got it sorted! Sometimes the browser just needs a little nudge. Thanks for the heads-up on the quirk! 🕵️‍♂️ /AI",3,5,"The tone is perfect, matching the casual and empathetic style of @SpotifyCares. However, the helpfulness is lower because it fails to verify if the payment details were actually updated, which was the key clarification requested in the ground truth.",,
1149,@SpotifyCares Thanks. Is it something that might be available in the future?,"@USER While we have no info to share about this, you could vote for the official idea in our Community: /MU",Content Availability,Feature Request & Feedback,False,False,"This is a general inquiry about future features, which is handled by the standard support flow.",We're always working on new stuff! Keep an eye on our updates for what's coming down the line. 🚀 /AI,2,4,"The draft is vague and fails to provide the specific, actionable next step (voting in the Community) found in the ground truth, making it less helpful. The tone is casual and appropriate, but the lack of specific guidance lowers the overall quality.",,
407,@SpotifyCares 8.4.21.508 armV7,"@USER Thanks for that. Is this crash happening while connected to WiFi, 3G/4G or both? Keep us posted /JI",App Bug & Performance,App Bug & Performance,False,False,"User provided app version details likely for troubleshooting a technical issue, which can be handled via standard support protocols.",Thanks for the version info! Is there a specific issue you're running into with that build? Let us know so we can help you out. 🎧 /AI,3,4,"The draft is helpful but less targeted than the ground truth, which specifically asks about network conditions (WiFi vs 3G/4G) to diagnose the crash. The tone is casual and empathetic, fitting the brand voice well.",,
1466,@SpotifyCares I'm using xiaomi redmi 3s. But it happens also when I'm listening from the website😥,"@USER Hmm, that's odd. Can you DM us your account's email address or username? We'll take a look backstage /MT",App Bug & Performance,Audio Playback Failure,False,False,"The user is reporting audio issues across multiple platforms, which is typically an auto-resolvable playback or device compatibility issue.","Sorry to hear that's happening on both your phone and the web! 🎧 Could you let us know if the music is skipping, freezing, or just silent? That helps us pinpoint the glitch. /AI",3,5,"The tone is perfect, matching the casual and empathetic style of the brand. However, the helpfulness is lower because it asks for symptom details instead of requesting the account credentials (DM) needed to actually investigate the issue, as done in the ground truth.",,
1330,@SpotifyCares Hey thanks for replying so fast I don't get any message it just won't play.,"@USER Could you fire over the make/model, operating system, and the Spotify version of the device you're using? We'll see what we can suggest /KB",Audio Playback Failure,Audio Playback Failure,False,False,The user is reporting a playback issue which is an auto-resolvable intent.,"Sorry to hear that! 🎧 Please try restarting the app or checking your internet connection. If it still won't play, let us know what device you're using so we can help troubleshoot. /AI",4,5,"The draft is helpful by providing immediate troubleshooting steps and correctly identifying the need for device information, though it is slightly less specific than the ground truth regarding OS and version. The tone is perfect: empathetic, casual, concise, and uses an appropriate emoji.",,
1436,@SpotifyCares how many votes does it take to make @USER think about it?,"@USER Don't worry, our team is always on the watch for new ideas from our Community's ideas board. Hopefully we'll have it implemented soon 🙂 /AC",App Bug & Performance,Feature Request & Feedback,False,False,"This is a general inquiry about the feature voting process, not a critical issue requiring human intervention.","Hey! There's no specific magic number, but every vote really helps us prioritize what to build next. Keep those suggestions coming! 🗳️ /AI",4,5,"The draft correctly addresses the user's question about vote thresholds by explaining that votes help prioritization without hallucinating a specific number, which is a helpful and accurate response. The tone is casual, empathetic, and concise, matching the brand voice perfectly with appropriate emoji usage.",,
859,@SpotifyCares how can I remove the 3.3k song limit on downloads? What's the point of a 256GB phone with this limitation?,@USER Hey! You can learn more about the song limit in Your Music here: /RB,Playlist & Library Sync,Feature Request & Feedback,False,False,"This is a product limitation inquiry and feedback, not a technical failure or billing issue.","We hear you! The 3.3k limit is there to manage storage and sync stability, but we know it can be frustrating on larger devices. We've passed this feedback along to the team! 📱🎧 /AI",2,4,"The draft fails to provide the specific resource link (Your Music page) that the ground truth uses to explain the limit, instead offering a generic explanation and claiming to pass feedback which is not supported by the ground truth. The tone is empathetic and casual, but the lack of actionable information lowers the helpfulness score.",,
451,WHY FHE FUCK IS SPOTIFY ACTING UP???? @USER FIX YOUR DAMN APP UGLIES,"@USER Hey! Don’t worry, we can help. What’s happening exactly? Can you let us know the device/OS you’re using? /AP",App Bug & Performance,App Bug & Performance,False,True,The user is expressing extreme frustration with abusive language.,"We hear you, and we're sorry the app is acting up. Our team is looking into this to get things running smoothly again. /AI",2,4,"The draft fails to ask for the specific diagnostic information (device/OS) required to resolve the issue, instead making a vague promise that the team is 'looking into it' which may be inaccurate for individual user bugs. The tone is empathetic and casual, but lacks the directness and specific next steps found in the ground truth.",,
919,@SpotifyCares Version 8.4.22.857 armV7 Android Oreo (8.0) on a Pixel.,@USER Thanks. What we could suggest is a reinstall. Just follow these steps: Let us know how it goes /GK,App Bug & Performance,Feature Request & Feedback,False,False,"User provided device and app version details, likely for context in a bug report or feedback, which does not require immediate human escalation.",Thanks for the details! We've noted your device info. Is there a specific issue you're running into with this version? 📱 /AI,3,5,"The draft is polite and asks for clarification, which is reasonable, but it fails to provide the specific troubleshooting step (reinstall) that the ground truth agent offered. The tone is perfect, matching the casual and empathetic style of the brand.",,
1206,"A lot of songs like that recently got taken off of @USER and I'd like to know why, @SpotifyCares.",@USER Hey Matt. Sometimes content gets temporarily removed because of licensing changes. Hopefully we'll have it available again soon! /NS,App Bug & Performance,Content Availability,False,False,"The user is inquiring about the removal of specific tracks from the catalog, which is a standard content availability issue.","Hey! That's usually due to licensing agreements expiring or changing. We're working hard to keep the catalog as full as possible, but sometimes tracks have to go. Thanks for your patience! 🎧 /AI",5,5,"The response accurately explains the likely cause (licensing) similar to the ground truth and provides a clear, empathetic answer. The tone is casual, concise, and uses an appropriate emoji, matching the brand voice perfectly.",,
569,@SpotifyCares it shows the whole list but i once i click on a certain song it only plays a preview?,"@USER Hey Lizzy! What device, operating system, and Spotify version are you on? We'll see what we can suggest /AY",Audio Playback Failure,Content Availability,False,False,The issue is related to content licensing restrictions rather than a technical failure or account problem.,"Hey! That usually happens if the track isn't available for full streaming in your region or on your current plan. It’s a licensing thing, not a bug! 🎧 /AI",2,4,"The draft provides a generic and potentially incorrect explanation (licensing) without gathering the necessary diagnostic information (device, OS, version) that the human agent correctly requested. While the tone is casual and empathetic, the lack of proper troubleshooting steps makes it less helpful than the ground truth.",,
1657,@SpotifyCares when I try to log in the application it will not even bring up the username and password page the login button does not work! What should I do?,"@USER Hey Sam, help's arrived! Can you tell us what device, operating system, and Spotify version you're using? We'll see what we can suggest /CH",Account & Login Access,Account & Login Access,True,True,"The user is unable to access the login interface, indicating a potential account access issue that requires manual review.","Hey! That sounds super frustrating. Since the login screen isn't loading, we need a specialist to take a closer look at your account status. I've flagged this for our team to get you sorted out ASAP. 🛠️ /AI",2,4,"The draft fails to address the user's issue by hallucinating a 'specialist' and 'flagging' the account without requesting the necessary diagnostic information (device, OS, version) provided in the ground truth. While the tone is empathetic and casual, the lack of actionable next steps makes it unhelpful.",,
1780,"@SpotifyCares Didn't work. Also, y'all need an option to keep the quick controls in the notification panel even when I'm not in the app for a few minutes. If I still have a device playing Spotify the controls should stay, not time out.","@USER Hmm. Can you reinstall the app this time by following the steps here: As for the quick controls not timing out, we'll let our devs know that it's something you'd like to have on the mobile app /JU",Audio Playback Failure,Feature Request & Feedback,False,False,"The user is requesting a specific UI behavior change regarding notification controls, which is a product suggestion rather than a critical service outage.",Thanks for the suggestion! We've passed this along to the team to see if we can keep those controls sticky for you. 🎧 /AI,2,4,"The draft completely ignores the user's primary complaint that the previous fix 'didn't work' and fails to provide the necessary troubleshooting steps (reinstalling the app) found in the ground truth. While the tone is casual and empathetic, the response is unhelpful because it misses the critical technical support aspect of the query.",,
13,@SpotifyCares Hi there! Those songs are not found on Spotify 😭😢,"@USER We understand your frustration. We’d love to have all of their stuff available! Hopefully we will in the future. In the meantime, we have some info about content here: If you ever need anything else, just shout and we'll come running 🏃 /LX",App Bug & Performance,Content Availability,False,False,Content availability issues are handled via auto-resolution.,"We're sorry those tracks aren't available right now! Licensing can be tricky, but we're always working to add more music. Thanks for your patience! 🎧 /AI",4,5,"The response is empathetic and concise, matching the brand voice well with appropriate emoji usage. It addresses the issue by explaining licensing constraints, though it misses the specific link to content info provided in the ground truth.",,
1554,"@SpotifyCares my Facebook bio is linking to a user by the same name instead of my verified artist account, how can I fix this?",@USER Hey! Our friends in Artist Support are the right folks to help with this. You can get in touch with them here: /MU,Account & Login Access,Account & Login Access,True,True,The user is experiencing an identity verification or account linking issue that requires manual review to resolve.,"Hey! That sounds frustrating. Since this involves your verified artist status and account linking, I've flagged this for our specialist team to sort out the mix-up. Hang tight! /AI",2,4,"The draft fails to provide the specific link to Artist Support required to resolve the issue, instead making a vague promise to 'flag' it which may not be actionable or accurate. The tone is empathetic and casual, but the lack of a direct solution or correct routing link significantly reduces helpfulness.",,
1650,"@SpotifyCares hi, images don't render on app. S7 edge, should I reinstall?","@USER Hey Danny, help's here! Can you let us know the Android and Spotify versions you're using? We'll see what we can suggest /RS",App Bug & Performance,App Bug & Performance,False,False,This is a UI rendering issue that can be resolved with standard troubleshooting steps.,"Hey! That sounds like a glitch. Try clearing the app cache first before reinstalling. If it persists, a reinstall is a good next step. Let us know if that helps! 📱 /AI",3,4,"The draft provides generic troubleshooting advice (clearing cache) which is helpful but misses the specific diagnostic information (Android/Spotify versions) requested by the human agent to properly resolve the issue. The tone is casual and empathetic, fitting the brand voice well.",,
326,@SpotifyCares Ireland,"@USER Got it! It should be available in your region. Can you let us know the device, operating system, and app version you're using? /PB",App Bug & Performance,Account & Login Access,False,True,The user is reporting a potential account access issue or regional restriction that requires manual verification.,Hey! We're looking into this for you. Could you please DM us your account email so we can check what's going on? /AI,2,4,"The draft fails to address the specific context implied by the ground truth (checking app/device details for regional availability) and instead requests sensitive account information (email) via DM, which is a deviation from the standard troubleshooting flow. The tone is casual and polite, but the lack of specific technical questions makes it less helpful than the ground truth.",,
1429,"@SpotifyCares I do not use the app, only the online version and my device is up to date.",@USER Great. Can we have you try clearing your cache/cookies? You might also want to try using an incognito window. Let us know how it goes /JI,App Bug & Performance,App Bug & Performance,False,False,"The user is providing context about their environment (web player, updated device) likely in response to a previous troubleshooting step, which does not meet the criteria for immediate escalation.","Thanks for the update! Since you're on the web player, try clearing your browser cache or trying a different browser to see if that helps. Let us know if the issue persists! 🎧 /AI",5,5,"The draft correctly identifies the user's platform (web) and provides the same core troubleshooting steps (clearing cache) as the ground truth, while also suggesting a valid alternative (different browser). The tone is empathetic, concise, and matches the casual style of @SpotifyCares with appropriate emoji usage.",,
865,What’s up @USER? My premium acct isn’t working. Not a fan of ads or not being able to pick my song selection.,"@USER Hey Kim, help's here! Can you DM us your account's email address and username? We'll take a look backstage /MX",Billing & Subscription,Account & Login Access,True,True,"The user reports that their premium account is not functioning correctly, which requires manual account verification and potential billing or status investigation.",Hey! Sorry to hear your Premium perks aren't kicking in. Let's get a specialist to check your account status so you can get back to skipping ads and choosing your tracks. /AI,3,4,"The draft is empathetic and acknowledges the specific issues (ads, song selection), but it fails to request the necessary information (email/username) via DM to actually resolve the issue, unlike the ground truth. The tone is casual and appropriate, though slightly less direct than the human agent.",,
696,@SpotifyCares Hi. Can I try 3 months of Premium for $0.99 and after 3 months change it to Premium for students?,@USER Hey! Help's here. Can you DM us your account's email address? We'll take a look backstage and give you some more info /BD,Billing & Subscription,Billing & Subscription,True,True,The user is inquiring about specific promotional pricing and plan switching eligibility which requires human verification.,"Hey there! 🎧 While I can't confirm specific promo details or plan switches, our billing team can definitely help you sort out the best option for your student status. I've flagged this for them to get back to you! /AI",2,4,"The draft hallucinates an action ('flagged this') and fails to request the necessary account email via DM, which is the standard procedure for billing inquiries. While the tone is casual and empathetic, the lack of a concrete next step for the user makes it significantly less helpful than the ground truth.",,
318,"Now that I'm down a Cash Money rabbit hole, someone tell @USER their The Heart Of Tha Streetz tracklist is off.","@USER Hey Briana! Thanks for reporting. Can you send over the URI of the album, as well as what looks incorrect on your end? We'll take a look /TB",Billing & Subscription,Content Availability,True,False,"The user is reporting a discrepancy in the tracklist for a specific album, which is a content metadata issue rather than a billing or account access problem.",Thanks for flagging that! We'll pass this along to our content team to double-check the tracklist for The Heart Of Tha Streetz. 🎧 /AI,3,4,"The draft is polite and acknowledges the issue but fails to request the specific album URI needed to identify the correct version, unlike the ground truth which gathers necessary details. The tone is casual and appropriate, though slightly less direct than the human agent.",,
440,"Would be very cool @USER if under ""New Releases"" things were separated by Album vs. Single &lt;3",@USER This sounds like a great idea! Suggest it in our Community at so it can get support from other users 💚 /RR,Content Availability,Feature Request & Feedback,False,False,"This is a product suggestion, not a technical issue or account problem.",Love that idea! Separating albums from singles would definitely make browsing easier. I've passed this feedback along to our product team so they can consider it for future updates. Thanks for the suggestion! 🎧 /AI,3,4,"The draft is empathetic and addresses the user's sentiment, but it hallucinates a specific action ('passed this feedback along') rather than directing the user to the Community forum as the ground truth does. The tone is casual and appropriate, though slightly less concise than the ideal response.",,
1960,@SpotifyCares I didn’t make one after it didn’t get me approved.,"@USER Just to check, have you created a Spotify account already? If not, you can create one here: Hope that helps /AC",App Bug & Performance,Account & Login Access,False,True,"The user is reporting an issue with account approval or verification status, which requires human review.",Hey! Sorry to hear you're having trouble with your account approval. Let's get a human specialist to look into this for you. /AI,2,4,"The draft fails to address the specific issue by not asking the clarifying question about account creation that the ground truth provided, instead opting for a generic escalation. The tone is casual and empathetic, but the lack of direct assistance or correct routing makes it less helpful.",,
1563,"@SpotifyCares Maybe there is a way of stopping automatic update. Seriously, im getting tired of this problem",@USER Hey there! We're sorry to hear that. It's not currently possible to turn off automatic update. Are you still having issues with the app? /PB,App Bug & Performance,Feature Request & Feedback,False,False,"The user is requesting a feature to disable automatic updates and expressing frustration, which falls under feedback rather than a critical account or billing issue.",Hey! We hear you on the auto-updates. We've passed your feedback to the team to see if we can add a manual update option. Thanks for sticking with us! 🎧 /AI,2,4,"The draft hallucinates a policy by claiming feedback was passed to the team and fails to directly answer the user's question about whether the feature exists, unlike the ground truth which clearly states it is not possible. The tone is casual and empathetic, but the lack of direct information makes it less helpful.",,
689,"@SpotifyCares OK, so I have a paid Spotify subscription and a paid Groove Music subscription. You're not gonna charge me double, are you?","@USER Hey Slim, not at all! We have more info to share here: If you have any other questions, let us know 🙂 /NG",Billing & Subscription,Billing & Subscription,True,True,"The user is expressing concern about potential double billing across different services, which requires human verification of their account status and billing history.","Hey! Don't worry, we don't charge for other services. Your Spotify subscription is separate from Groove Music, so you'll only be billed by Spotify for your plan. If you see anything weird on your statement, let us know! /AI",5,4,"The response directly addresses the user's concern about double billing with clear, accurate information and a helpful next step. The tone is casual and empathetic, though slightly less concise than the ground truth, it remains perfectly aligned with the brand voice.",,
189,@SpotifyCares Do you guys know about the player background bug in iOS yet? Here’s a quick video of it.,"@USER Got it, thanks for pointing that out for us! We'll let the right team know this something they should look into. Great detective work: 🔍 /TB",Audio Playback Failure,App Bug & Performance,False,False,This is a known UI issue that can be resolved with standard troubleshooting steps.,"Thanks for flagging that! We've seen some reports of the player background glitching on iOS. Try restarting the app or updating to the latest version to see if that fixes it. If it persists, let us know! 📱 /AI",3,4,"The draft provides generic troubleshooting steps (restart/update) which may not be relevant for a specific visual bug and fails to explicitly confirm that the issue is being escalated to the engineering team, unlike the ground truth. The tone is casual and empathetic, though slightly more instructional than the purely appreciative ground truth.",,
778,"@SpotifyCares fyi, when Spotify goes to an ad, the whole app (android) needs the ol' turn it off and on again to work. Bug in the last update?","@USER Hi PJ, help's here. Can you let us know the device, operating system, and Spotify version you're using? We'll see what we can suggest /NY",App Bug & Performance,App Bug & Performance,False,False,This is a technical performance issue that can be addressed with troubleshooting steps.,"Oof, that’s definitely not the vibe we’re going for! 📱 Please try clearing the app cache or reinstalling the app to see if that fixes the ad glitch. If it persists, let us know! /AI",3,5,"The tone is excellent and matches the brand voice perfectly, but the helpfulness is lower because it provides generic troubleshooting steps (clearing cache) instead of requesting the specific diagnostic information (device, OS, version) that the human agent correctly identified as necessary.",,
198,"@USER Add my name to the list of people who don't like that 3,333 limit. I just bought a 128GB sd card for my tablet &amp; just found out I can't use it the way I want. My list of songs I want to download isn't far above that limit either.","@USER Hey Carmen! Thanks for sharing your thoughts about the download limit. Don't worry, we'll pass your feedback on to the right folks. You can also vote for the official idea here: /KB",Playlist & Library Sync,Feature Request & Feedback,False,False,The user is providing feedback on a product limitation rather than reporting a technical failure or billing issue.,We hear you! We've passed your feedback along to the team about the download limits. Thanks for letting us know! 🎧 /AI,4,5,"The response is empathetic and confirms the feedback was passed along, which addresses the user's main point, though it misses the specific link to the voting page provided in the ground truth. The tone is casual, concise, and uses an appropriate emoji, matching the brand voice well.",,
735,how cant SPOTIFY be available in my countryyyyyy wtf,@USER Hey there! Could you let us know the country you're currently in? We'll keep an eye out for your reply /LP,Content Availability,Content Availability,False,False,This is a standard inquiry regarding regional service availability which can be addressed with general information.,"Hey there! We're sorry to hear that Spotify isn't available in your region yet. We're constantly working to expand our reach, but for now, we can't offer the service there. Thanks for your patience! 🌍 /AI",2,4,"The draft fails to address the user's specific frustration by not asking for the country name, which is the necessary next step to provide accurate information or escalate the issue. While the tone is empathetic and casual, the response is a generic dead-end that doesn't move the support interaction forward like the ground truth does.",,
1735,"@SpotifyCares Tried that, totes doesn't work. When I play from mobile OR desktop, I can't drag the currently playing song...","@USER Thanks for giving it a shot. We're afraid it's not currently possible on Mac. Don't worry, we'll pass on your feedback to our devs /AY",Audio Playback Failure,App Bug & Performance,False,False,This is a UI interaction issue that can be resolved with troubleshooting steps.,"Oof, that’s frustrating! It sounds like a UI glitch. Try restarting the app or clearing the cache on both devices. If it persists, let us know your OS version so we can dig deeper. /AI",2,4,"The draft fails to address the core issue (a known limitation on Mac) and instead suggests generic troubleshooting steps that are likely ineffective for this specific UI constraint. While the tone is casual and empathetic, the lack of accurate information makes it unhelpful.",,
704,"yo @USER why don't you have a ""remove from this playlist"" option on mobile?","@USER Hey! What device, operating system, and Spotify version are you using? We'll see what we can suggest /CB",Audio Playback Failure,Feature Request & Feedback,False,False,"This is a product feature suggestion, not a technical failure or account issue.",We hear you! We're always looking for ways to make managing playlists smoother on mobile. We've passed this feedback along to our product team. Thanks for the suggestion! 📱 /AI,2,4,"The draft fails to address the user's specific technical issue by not requesting the necessary device and version information, instead offering a generic 'feedback passed along' response which is likely a hallucination of policy. The tone is casual and empathetic but lacks the specific inquiry needed to actually help the user.",,
1236,@SpotifyCares In my library,@USER Got it! Can you DM us your account's email address or username? We'll check backstage /AR,Playlist & Library Sync,Playlist & Library Sync,False,False,The user is reporting a library issue which is typically auto-resolvable via sync checks.,"Hey! Sorry your library is acting up. 📚 Try refreshing your app or checking your internet connection to see if that helps. If it's still missing, let us know what specifically disappeared! /AI",2,4,"The draft provides generic troubleshooting steps instead of requesting the necessary account details (email/username) via DM to investigate the specific library issue, as done in the ground truth. The tone is casual and empathetic but misses the critical routing step for a sensitive account-specific query.",,
541,@USER can you please not put up the ad with the girl bending over?,@USER Hi Joshua! Can you give us more info on this? We'll see what we can suggest /DV,App Bug & Performance,Feature Request & Feedback,False,False,"This is general feedback regarding ad content, not a technical issue or billing dispute.",Hey! We hear you. We've passed your feedback along to the team so they can review the ad content. Thanks for letting us know! 📝 /AI,2,4,"The draft hallucinates that the feedback has been passed to a team, whereas the ground truth correctly requests more information to investigate the issue. The tone is casual and empathetic, but the lack of necessary follow-up questions makes it less helpful.",,
1652,"@SpotifyCares Getting clicking and popping sounds on Spotify Premium (1.0.67.582.g19436fa3) Playback, reinstalled, Hardware Acceleration off, High Quality streaming off, 3 X spotify.exe? (PCSpec:",@USER Hey Nick! What's the exact Spotify version you're using? Does logging out &gt; restarting your device &gt; logging back in help? /AY,Billing & Subscription,Audio Playback Failure,True,False,This is a technical audio issue that can be resolved with standard troubleshooting steps.,"Hey! Sorry about the crackling. Since you've already tried the basics, try disabling the 'Exclusive Mode' in your Windows Sound settings for your output device, or switch your audio driver to a different one (like Realtek vs. High Definition Audio). Let us know if that helps! 🎧 /AI",4,5,"The AI provides specific, relevant technical troubleshooting steps (Exclusive Mode/drivers) that are often effective for audio issues, which is helpful even if it differs from the human's simpler reset advice. The tone is empathetic, casual, and concise, perfectly matching the brand voice.",,
88,@SpotifyCares the share feature is broken. I love sharing my Spotify links but all it does is show a blank page and goes back to the song.,"@USER Hey Miranda! What device and Spotify version are you using? Also, what platform are you sharing to? We'll see what we can suggest /BH",App Bug & Performance,App Bug & Performance,False,False,This is a technical UI issue that can be addressed with troubleshooting steps.,"Ouch, that's definitely not the vibe we want for sharing your jams! 🎧 Try clearing your app cache or updating to the latest version to see if that fixes the blank page issue. If it persists, let us know! /AI",3,4,"The draft provides generic troubleshooting steps (clearing cache) without gathering the specific diagnostic information (device, version, platform) requested by the ground truth agent, which is crucial for resolving a 'broken feature' issue. The tone is casual and empathetic, fitting the brand voice well, though slightly less professional than the direct inquiry in the ground truth.",,
1494,@USER still looking for I Want Us...by The Roads Below??? It just disappeared into thin air! What happened?,@USER Hi Jody. Sometimes content gets temporarily removed because of licensing changes. Hopefully we'll have it available again soon! /JU,Playlist & Library Sync,Content Availability,False,False,"The user is reporting a missing track, which is a standard content availability issue that can be addressed with general troubleshooting or catalog information.","Hey! That's super frustrating. Sometimes tracks disappear due to licensing changes. Try searching for the artist name directly or checking if it's on a different album. If it's still gone, it might be temporarily unavailable. 🎧 /AI",4,5,"The response correctly identifies the likely cause (licensing) and offers reasonable troubleshooting steps, though it is slightly more verbose than the ground truth. The tone is empathetic, casual, and concise, fitting the brand voice perfectly.",,
940,"@SpotifyCares The app pausing Spotify constantly is @USER 's Dasher app for drivers, here's screenshots of my phone and app info","@USER Thanks for the screenshots. When did this start happening, was it after a specific update or has it been happening ever since? /HC",App Bug & Performance,App Bug & Performance,False,False,This is a technical performance issue that can be addressed with standard troubleshooting steps.,"Hey! Sorry about the constant pausing. Since you're using the Dasher app, it might be conflicting with Spotify's background permissions. Try clearing Spotify's cache or checking if 'Battery Saver' is restricting Spotify. Let us know if that helps! /AI",3,4,"The draft provides generic troubleshooting steps (clearing cache) that may not address the specific app conflict issue, whereas the ground truth correctly asks for timeline details to diagnose the root cause. The tone is casual and empathetic, fitting the brand voice, but the advice is less targeted than the human agent's inquiry.",,
1098,@USER Too bad it’s not an Apple Watch app,@USER 2: add your vote to let our devs know it's something you'd like to see: /RC,App Bug & Performance,Feature Request & Feedback,False,False,"This is a product feature suggestion, not a technical issue or account problem.",We hear you! We've passed your feedback to the team about an Apple Watch app. Thanks for the suggestion! 📱 /AI,2,4,"The draft hallucinates that the feedback has already been passed to the team, whereas the ground truth correctly directs the user to add their vote to a specific feature request link. While the tone is casual and empathetic, the lack of the actionable link makes the response significantly less helpful.",,
255,@SpotifyCares It's been like this for the past 8 minutes,@USER That's odd. Does using a different browser help at all? /AP,App Bug & Performance,Audio Playback Failure,False,False,The issue is a temporary playback failure which can be resolved with standard troubleshooting steps.,"Sorry about the hiccup! 🎧 Please try restarting the app or checking your internet connection. If it persists, let us know! /AI",3,4,"The draft provides generic troubleshooting steps (restart app/check internet) which are less targeted than the ground truth's specific suggestion to try a different browser, implying a web-based issue. The tone is empathetic and casual, fitting the brand voice well.",,
1992,"@SpotifyCares Did yall take apps off of your service? I used to have one a couple years ago that helped me find artists from various countries. If yall did, do yall offer any ways that can help me find some? Any playlists or features?","@USER Hey there! Just to clarify, are you trying to download the Spotify app? What device, operating system, and Spotify version are you using? We'll see what we can suggest /MA",Audio Playback Failure,Feature Request & Feedback,False,False,"The user is inquiring about a removed feature and asking for alternatives, which falls under product feedback and does not require human escalation.","Hey! We don't have that specific app anymore, but you can definitely still explore global music! Try checking out our 'New Music Friday' or searching for 'World Music' playlists. You can also use the 'Discover Weekly' feature to find new artists based on your taste. Let us know if you find any gems! 🌍🎶 /AI",2,4,"The AI hallucinates a specific policy ('We don't have that specific app anymore') and provides generic playlist suggestions instead of clarifying the user's intent or asking for device details as the ground truth did. The tone is casual and friendly, but the lack of accurate troubleshooting makes it less helpful.",,
1888,"@SpotifyCares @USER always goes to ""Brain freeze"" when trying to cast. Other apps work fine with it. Android, iOS same issue.",@USER Hi there! Can we have you check out the steps under 'Spotify and Chromecast: General Troubleshooting’ at: /JI,App Bug & Performance,App Bug & Performance,False,False,This is a technical casting issue that can be addressed with troubleshooting steps.,"Ouch, that's definitely not the vibe we want! 🥶 Since it happens on both Android and iOS, try restarting your casting device and making sure Spotify is updated. If it persists, let us know which device you're casting to so we can dig deeper. /AI",3,5,"The tone is excellent and matches the brand voice perfectly. However, the helpfulness is moderate because it provides generic troubleshooting steps instead of directing the user to the specific Chromecast troubleshooting link provided in the ground truth, which is the standard first step for this specific error.",,
775,@USER hi ya question why does my music skip if it's downloaded or streaming #veryanoying,@USER Hey there! That's not cool. Does logging out &gt; restarting the device &gt; logging back in help? Keep us posted 🙂 /CG,Audio Playback Failure,Audio Playback Failure,False,False,This is a standard playback issue that can be resolved with troubleshooting steps.,"Hey! Sorry about the skipping, that's super annoying. 🎧 Try clearing your cache or reinstalling the app to see if that fixes it. /AI",4,5,"The response is empathetic and concise, matching the brand voice perfectly. It provides valid troubleshooting steps (clearing cache/reinstalling) that are arguably more effective for skipping issues than the ground truth's logout/restart method, though it misses the specific 'keep us posted' follow-up prompt.",,
161,"@USER @USER Hmm. 🤔 The song is still there when I search and plays fine, but not listed as part of the album (as it’s been every time before).",@USER @USER Hey Linds! Can you send us the Song Link? Just tap the three dots &gt; Share &gt; Copy Link. We'll look into this for you /MS,Audio Playback Failure,Content Availability,False,False,"The issue is a catalog metadata discrepancy where a track is missing from an album view, which is a content availability concern rather than a technical failure.","Hey! That’s definitely weird. Since it plays fine, it’s likely a catalog sync hiccup on our end. We’ve flagged this for our content team to fix the album listing. Thanks for spotting it! 🎧 /AI",2,4,"The draft hallucinates that the issue has been flagged and is being fixed, whereas the ground truth correctly identifies that specific song link information is needed to investigate. While the tone is casual and empathetic, the lack of a request for the necessary diagnostic information makes it unhelpful.",,
1130,@SpotifyCares S8+. Version 8.4.24.871 armv7,@USER Thanks! Could you try restarting your device for 30 seconds? Let us know if you see any difference /LD,App Bug & Performance,App Bug & Performance,False,False,"User provided device and version details likely for troubleshooting a technical issue, which can be handled by support.","Thanks for the details! We've noted your device and app version. Is there a specific issue you're running into, like crashes or glitches? Let us know so we can help! 📱 /AI",3,5,"The draft is helpful by asking for clarification on the specific issue, which is a valid alternative to the ground truth's troubleshooting step, though it misses the immediate action of restarting. The tone is perfect, matching the casual and empathetic style of the brand with appropriate emoji usage.",,
600,"@SpotifyCares Version 1.0.68.407.g6864aaaf now, but the freeze happened shortly after I started up and got the 'updating' message. Windows error logs don't seem to have anything.",@USER Thanks for letting us know. Does logging out &gt; restarting the device &gt; logging back in help? Keep us posted /AL,App Bug & Performance,App Bug & Performance,False,False,This is a standard app performance issue that can be resolved with troubleshooting steps.,"Sorry to hear the app froze on startup! 🥶 Since the logs are clear, try clearing the cache or reinstalling the app to see if that fixes it. Let us know if it persists! /AI",3,4,"The draft addresses the issue but suggests more drastic steps (cache/reinstall) than the ground truth's simpler troubleshooting (logout/restart), potentially skipping a necessary diagnostic step. The tone is empathetic and casual, fitting the brand voice well.",,
1698,@SpotifyCares i cant login to my premium for family account ... my profile is showing as free for some reason,@USER Hey! Can you DM us your account's username and email address? We'll take a look behind the scenes /JL,Billing & Subscription,Account & Login Access,True,True,"The user is experiencing login issues and an incorrect account status, which requires manual account verification.","Hey! That sounds frustrating. Since you're having trouble logging in and your plan status looks off, I'm looping in a human specialist to sort this out for you. Hang tight! /AI",3,4,"The draft is empathetic and casual but fails to request the specific account details (username/email) needed to investigate the issue, instead vaguely promising a human specialist without providing a path for the user to provide necessary info. It misses the key step of gathering data to resolve the login/plan status discrepancy.",,
1287,@USER @SpotifyCares need support,"@USER Hey Ferry! Don’t worry, we'll look into this. What’s happening exactly? Can you let us know the operating system you’re using? /MS",App Bug & Performance,Account & Login Access,False,True,"The user is requesting general support without specifying the issue, which requires human triage to determine the specific problem.",Hey there! We're here to help. Could you give us a little more detail about what's going on? /AI,4,4,"The draft correctly identifies the need for more details and asks for them, though it misses the specific request for the operating system found in the ground truth. The tone is casual and helpful, though slightly less personalized than the human agent's greeting.",,
1266,"@USER Now, I have a error code:2 (Service is temporaly unavailable) is this correct?","@USER Hey Gerardo! Help's here. Can you let us know what device, operating system, and version of Spotify you're using? We'll check backstage /AN",Billing & Subscription,App Bug & Performance,True,False,The user is reporting a temporary service error code which is a technical performance issue that can be addressed with standard troubleshooting steps.,"Hey! That error code usually means our servers are taking a quick breather. 🛠️ Try restarting the app or checking your connection in a few minutes. If it sticks around, let us know! /AI",3,4,"The draft provides generic troubleshooting advice instead of requesting the specific device and OS information required by the ground truth to investigate the issue. The tone is casual and empathetic, but the lack of specific diagnostic questions makes it less helpful than the human agent's response.",,
1813,"@SpotifyCares When I go to OFFLINE mode the downloaded songs I have will not play Doesn't happen all the time, but has happened more than once on Samsung8",@USER That's not cool. Does logging out &gt; restarting the device &gt; logging back in help? Keep us posted /MX,Audio Playback Failure,Audio Playback Failure,False,False,This is a playback issue that can be resolved with standard troubleshooting steps.,Hey! Sorry your offline mode is acting up. Try clearing the app cache or reinstalling the app to see if that fixes it. Let us know if it persists! 🎧 /AI,4,5,"The response is helpful and addresses the technical issue with standard troubleshooting steps (clearing cache/reinstalling), which are valid alternatives to the ground truth's logout/restart method. The tone is perfectly aligned with the brand: empathetic, casual, concise, and uses an appropriate emoji.",,
1764,@SpotifyCares I already tried a different browser and now I just tried incognito. No difference. Still frozen.,@USER Got it. Can you try restarting your device and see if that helps at all? Keep us posted /AG,App Bug & Performance,App Bug & Performance,False,False,"The user is reporting a performance issue (freezing) which is an auto-resolvable technical bug, not an account or billing issue.","Sorry to hear it's still frozen even in incognito! 🥶 Try clearing your browser cache or trying a different device to rule out local issues. If it persists, let us know so we can dig deeper. /AI",4,5,"The response is helpful and addresses the issue by suggesting logical next steps (clearing cache/different device) similar to the ground truth's suggestion to restart. The tone is empathetic, casual, and concise, matching the brand voice perfectly.",,
740,"@SpotifyCares This is the track that's wrong: spotify:track:2VQc9orzwE6a5qFfy54P6e On the album, there are two different songs called ""Blessings"" - track 5 and 14. The system just has the second one (track 14, spotify:track:5IdQEHgtmj9th3OkfQKhf8 ) in both spots.",@USER Thanks! Can you also let us know the country you're account is currently set to? /LO,Content Availability,Content Availability,False,False,"This is a metadata or catalogue error regarding specific track mapping, which is typically handled by the content team rather than immediate human escalation.",Thanks for flagging that mix-up! It looks like the album metadata got a bit tangled with those duplicate titles. I've passed this along to our content team to get the correct tracks mapped to the right spots. 🎧 /AI,3,4,"The draft is empathetic and acknowledges the specific issue, but it hallucinates a resolution ('passed this along') without gathering the necessary diagnostic information (country) requested by the human agent. The tone is good, though slightly more verbose than the concise ground truth.",,
1182,@USER ok honestly this is doing my nut in now whys it keep playing other random playlists when I’m tryna listen to one album??,"@USER Hey there! What device, operating system, and Spotify version are you on? Are you rocking Free or Premium? /AY",Audio Playback Failure,App Bug & Performance,False,False,The user is reporting a playback behavior issue that can be resolved with troubleshooting steps.,"We're sorry for the mix-up! It sounds like the app might be stuck in a weird state. Try restarting the app or checking your playback settings to ensure 'Shuffle' is off. If it persists, let us know! /AI",3,4,"The draft provides generic troubleshooting steps (restart, check shuffle) which may not address the specific issue of random playlists, whereas the ground truth correctly identifies the need for device/version details to diagnose the bug. The tone is empathetic and casual, fitting the brand voice well.",,
393,@SpotifyCares I’m using the newest version of iOS and the 8.4.25 version of spotify,@USER Thanks. Could you let us know the exact iOS device and version? We'll see what we can suggest /RS,App Bug & Performance,App Bug & Performance,False,False,"User provided version details likely in response to a troubleshooting request, which is a standard auto-resolvable step.",Thanks for the info! We'll use that to help troubleshoot. What specific issue are you running into? 🎧 /AI,4,5,"The draft is helpful by acknowledging the provided version info and asking for the specific issue, which is a logical next step even if the ground truth asked for device details. The tone is perfect: casual, concise, empathetic, and uses one appropriate emoji.",,
1442,@SpotifyCares Is the lyrics feature coming back like you guys said 10 months ago?,"@USER Hi! We hear you. Any updates will be posted at We'd recommend voting to support the idea, too /MU",Feature Request & Feedback,Feature Request & Feedback,False,False,This is a general inquiry about feature availability and does not meet escalation criteria.,"Hey! We know the wait has been long. We're always working on improving the experience, so keep an eye on your app for updates! 🎶 /AI",3,4,"The response is empathetic and casual but fails to provide the specific actionable advice (voting) or direct the user to the official update channel mentioned in the ground truth, making it a generic acknowledgment. The tone is good, though the emoji choice is slightly less fitting than the ground truth's style.",,
142,@SpotifyCares this is not cool!,@USER Hi there! Can you DM us your account's username or email address? We'll take a look under the hood /JM,App Bug & Performance,Feature Request & Feedback,False,False,The tweet expresses general frustration without specific details indicating a critical system failure or account issue.,Hey! We're sorry to hear you're feeling that way. Could you share a bit more about what went wrong so we can help? /AI,3,4,"The draft is empathetic and casual but fails to request the specific account details (username/email) needed to investigate the issue, unlike the ground truth which routes to a DM for sensitive info. It asks for a public explanation of the problem, which is less efficient and potentially less secure than the standard procedure.",,
93,The new MacOS High Sierra update has broke the media controls on my MBPro keyboard - they no longer function?! @SpotifyCares @USER,@USER Hey Grant! Can you tell us when this started happening? Was it after an app update? /CH,App Bug & Performance,App Bug & Performance,False,False,This is a known compatibility issue with the OS update that can be resolved with troubleshooting steps.,"Hey! Sorry about the keyboard controls acting up after that update. Try restarting your Mac and ensuring Spotify is set as the default media player in System Preferences. If it's still glitchy, let us know! /AI",3,4,"The draft provides generic troubleshooting steps (restart, check defaults) which may not address the specific macOS High Sierra compatibility issue, whereas the ground truth correctly identifies the need for more diagnostic information (timeline/other apps). The tone is casual and empathetic, fitting the brand voice well.",,
1354,@SpotifyCares Thanks! iOS version 11.0.3 and Spotify version 8.4.22.515,@USER 2: your account's email address and we'll take a look backstage /RR,App Bug & Performance,App Bug & Performance,False,False,User is providing technical details for a potential app issue which can be handled by standard support protocols.,"Thanks for the details! We'll take a look at those versions. If the issue persists, try clearing the cache or reinstalling the app. Let us know if that helps! 🎧 /AI",2,4,"The draft fails to request the account email address, which is the critical next step indicated by the ground truth for 'backstage' investigation. It instead offers generic troubleshooting advice that does not resolve the specific account or version issue.",,
466,"@SpotifyCares I have a Samsung as a phone, and I would like to download the video of the video to my phone","@USER Okay. Just to clarify, are you looking to download a video that you've found on your Spotify app onto your mobile device? Keep us posted /JI",Playlist & Library Sync,Feature Request & Feedback,False,False,"User is requesting a feature to download video content, which is not currently supported.","Hey there! While we can't download videos to your phone just yet, you can definitely stream them on the app. We've passed your feedback along to the team! 📱 /AI",2,4,"The draft hallucinates a policy ('can't download videos') and fails to clarify the user's intent, whereas the ground truth correctly asks for clarification. The tone is casual and empathetic, but the lack of helpfulness significantly impacts the overall quality.",,
1583,.@USER do you care to explain why AM to PM by Christina Milian is not available on US Spotify?!?,"@USER Hey there, help's here! Are you getting any error messages when trying to play the song? Keep us in the loop /KL",Content Availability,Content Availability,False,False,This is a standard content availability issue which can be resolved with a standard explanation.,"Hey there! We're sorry that 'AM to PM' isn't available in your region right now. Sometimes licensing deals prevent certain tracks from showing up in specific countries. We're always working to expand our catalog, so keep an eye out for updates! 🎧 /AI",3,4,"The draft provides a generic explanation for the missing track but fails to ask for specific details (like error messages) to troubleshoot, which the ground truth correctly identifies as the next step. The tone is empathetic and casual, fitting the brand voice well.",,
592,@SpotifyCares I can't pay for my subscription because the form keeps expiring.,@USER Hey Niki! Does using an incognito window/private browser help at all? Let us know how that goes /TF,Billing & Subscription,Billing & Subscription,True,True,"The user is experiencing a payment processing failure that prevents subscription renewal, requiring manual billing intervention.","Hey! That sounds super frustrating. 😓 Since payment issues can be tricky, I'm flagging this for our billing team to take a closer look and get you sorted. /AI",3,4,"The draft is empathetic and routes the issue to the correct team, but it misses the specific, immediate troubleshooting step (incognito window) provided in the ground truth, making it less helpful for a quick fix. The tone is casual and appropriate, though slightly more formal than the concise human reply.",,
163,"@SpotifyCares The iOS app nags me about being offline every time I turn on the phone with Spotify open and I have the phone in airplane mode. Even when I have the app in offline mode. This makes using the app during flights a frustrating, annoying, painful, and slow experience.","@USER Hey there! We're here to help. Can you tell us what device, operating system and version of Spotify you're using? /LF",Billing & Subscription,App Bug & Performance,True,False,"This is a UI/UX annoyance regarding offline mode notifications, which falls under app performance and can be addressed by the support team without immediate escalation.","Hey there! Sorry about the annoying pop-ups during your flight. 🛫 We'll pass this feedback to the team to improve the offline experience. In the meantime, try toggling Airplane Mode off and on again to see if it clears the notification. /AI",2,4,"The draft fails to address the core issue by suggesting a workaround (toggling airplane mode) that is impossible while flying, and it misses the critical step of requesting device/OS details for troubleshooting. The tone is empathetic and casual, but the lack of actionable support or correct routing makes it unhelpful.",,
1751,@USER @SpotifyCares Same. Seems to be the UK site is the only thing not working,"@USER Thanks for sharing. We'll look into it. Have you tried using a private/incognito window or a different browser? By the way, what is it that you were trying to do? We'll see if there's something we can do from here /CO",App Bug & Performance,App Bug & Performance,False,False,This appears to be a regional service outage or app performance issue which can be addressed with standard troubleshooting steps.,"Sorry to hear the UK site is acting up! 🇬🇧 Please try clearing your app cache or reinstalling the app to see if that fixes it. If it persists, our team is looking into it. /AI",3,4,"The draft provides generic troubleshooting advice (clearing cache) that may not apply to a website issue and fails to ask for specific details about what the user was trying to do, unlike the ground truth. The tone is casual and empathetic, but the lack of specific diagnostic questions makes it less helpful.",,
1774,"@SpotifyCares yep, but iys haooen too often",@USER Is this happening to this album alone? Could you check other tracks/albums as well? We'll wait for your reply /JP,App Bug & Performance,App Bug & Performance,False,False,The user is reporting a recurring technical issue which falls under auto-resolution for app bugs.,"Sorry to hear it's happening so often! Please try clearing your app cache or reinstalling the app to see if that helps. If it persists, let us know your device type so we can dig deeper. /AI",3,4,"The draft provides generic troubleshooting steps (clearing cache) rather than the specific diagnostic question asked by the human agent (is it just this album?), which is a more effective first step for triage. The tone is empathetic and casual, fitting the brand voice well.",,
206,@USER I can I purchase the premium??,"@USER Hey there! To enjoy Spotify Premium, just go here: Let us know how it goes /RE",Billing & Subscription,Billing & Subscription,True,True,"The user is inquiring about purchasing a subscription, which falls under billing and account management.","Hey there! To upgrade to Premium, just head to the Account section in the app or visit spotify.com/premium. Let us know if you hit any snags! /AI",5,5,"The response directly addresses the user's question by providing clear, accurate instructions on how to purchase Premium, matching the helpfulness of the ground truth. The tone is casual, empathetic, and concise, perfectly aligning with the @SpotifyCares brand voice.",,
928,"If @USER doesn’t quit pausing my music when I get a notification, im switching to Apple Music",@USER Hey Logan! The cavalry's here. Could you tell us the iOS and Spotify version you're currently on? We'll see what we can suggest /KB,App Bug & Performance,App Bug & Performance,True,True,The user is threatening to churn due to persistent app behavior issues.,We're really sorry about the interruptions! That's not the experience we want for you. We've flagged this for our tech team to look into immediately. Please don't go anywhere yet! 🎧 /AI,2,4,"The draft fails to request the necessary diagnostic information (iOS and Spotify version) required to troubleshoot the issue, instead making a vague promise to flag it. While the tone is empathetic and casual, the lack of actionable next steps makes it significantly less helpful than the ground truth.",,
1301,"feature request for @USER mac app, profiles like work, home etc. I hate disabling/enabling proxy when at home/work :(","@USER Hey Baran, this sounds like a great idea! Suggest it in our Community at and get support from other users /TB",Feature Request & Feedback,Feature Request & Feedback,False,False,"This is a product suggestion regarding app functionality, not a technical failure or account issue.",Hey! We hear you—switching proxies is definitely a pain. We've passed this feedback along to our product team to see if we can make profile management smoother on Mac. Thanks for the idea! 🎧 /AI,2,4,"The draft hallucinates that the feedback was passed to the product team, whereas the ground truth correctly directs the user to the Community forum to get support from other users. While the tone is empathetic and casual, the incorrect routing makes it less helpful than the standard procedure.",,
1708,"@SpotifyCares It’s an IPhone SE, it’s weird as every other artist is playing fine",@USER Got it! That's not cool. Does logging out &gt; restarting the device &gt; logging back in help? Keep us posted /MX,Audio Playback Failure,Audio Playback Failure,False,False,This is a specific playback issue on a single device that can be resolved with standard troubleshooting steps.,"That’s definitely frustrating! Since other artists are working, try clearing the app cache or restarting your iPhone SE. If it persists, let us know which specific track is acting up! 🎧 /AI",4,5,"The response is helpful and empathetic, offering relevant troubleshooting steps (restarting) and asking for specific details to narrow down the issue. The tone is casual and concise, matching the brand voice well, though it misses the specific 'log out/in' step from the ground truth.",,
747,"@SpotifyCares help please! This is on my Windows desktop app and this keeps popping up. Have restarted, logged out all devices, changed password. Been going for a couple days now and no help that I can find online.",@USER Hi Steve! Help's here. Can you DM us your account's username or email address? We'll take a look under the hood /DN,Account & Login Access,Account & Login Access,True,True,"The user is experiencing persistent login or account access issues on the desktop app despite troubleshooting, which requires manual account review.","Hey there! 😟 Sorry to hear you're stuck in a loop with your account access. Since you've already tried the usual fixes, let's get a specialist to take a closer look at your profile. I've flagged this for our team to help you get back in. /AI",2,4,"The draft hallucinates that the issue has already been escalated ('I've flagged this'), whereas the ground truth correctly requests the user's account details via DM to actually investigate. While the tone is empathetic and casual, the lack of a necessary next step (requesting DM info) makes it unhelpful.",,
333,@USER y’all lame for not letting mobile phones set pics on our playlists,@USER Hi there! Thanks for the feedback. We'll pass it onto the right team. Let us know if there's anything else we can do to help /DV,Audio Playback Failure,Feature Request & Feedback,False,False,This is a standard feature request regarding playlist customization.,We hear you! We've passed this feedback along to our product team to see if we can add custom playlist images on mobile. Thanks for the suggestion! 🎨 /AI,5,5,"The response directly addresses the user's complaint by acknowledging the feedback and confirming it has been passed to the product team, matching the helpfulness of the ground truth. The tone is casual, empathetic, and concise, fitting the @SpotifyCares brand voice perfectly.",,
758,@SpotifyCares I am always using incognito browsing =)),@USER Got it. How about trying it out on another browser? Does it make any difference? /GK,App Bug & Performance,Feature Request & Feedback,False,False,No escalation needed as this is a general comment or feedback about user behavior.,"Haha, we respect the privacy! 🕶️ Just a heads up, Spotify doesn't actually use browser cookies for your account data, so you're safe either way. /AI",1,4,"The draft hallucinates a technical policy (that Spotify doesn't use browser cookies for account data) which is likely incorrect and fails to address the underlying issue or provide the troubleshooting step (trying another browser) found in the ground truth. While the tone is casual and empathetic, the content is harmful due to the misinformation.",,
727,@SpotifyCares Premium &amp; when i️ have it on shuffle it turns off when the song is done and just plays in order and the repeat lights up but doesn’t repeat,@USER Hmm. Can you try restarting your device by holding the Sleep/Wake + Volume Down buttons for 10 seconds? Keep us posted /LS,Billing & Subscription,App Bug & Performance,True,False,This is a functional bug regarding playback controls that can be resolved with troubleshooting steps.,"Hey! That sounds like a glitch with the playback controls. Try toggling shuffle off and on again, or restarting the app to reset the state. If it persists, let us know! /AI",3,4,"The draft provides generic troubleshooting (toggling/restarting app) which is less effective than the ground truth's specific hardware reset instruction for a device-level glitch. The tone is casual and empathetic, fitting the brand voice well.",,
429,@SpotifyCares I have tried this several times but it does not work,"@USER Got it.Is this happening while connected to WiFi, 3G/4G or both? /KL",App Bug & Performance,Audio Playback Failure,False,False,"The issue is a general playback failure which is auto-resolvable, and there are no specific indicators of billing, account, or extreme frustration requiring escalation.","Hey! Sorry to hear you're stuck. Could you tell us a bit more about what's happening? Is it a specific song, the whole app, or a certain device? That'll help us fix it for you. 🎧 /AI",3,5,"The draft is empathetic and casual, matching the brand voice well, but it asks for general details (song/device) rather than the specific connectivity information (WiFi vs. mobile data) requested by the human agent to diagnose the issue.",,
1372,Why can't I add a song to my playlist @USER @SpotifyCares,"@USER Hey Lizbeth, help's here! Are you getting any error messages when you try to add playlists? A screenshot would also be helpful /JN",Audio Playback Failure,App Bug & Performance,False,False,This is a functional issue that can be resolved with standard troubleshooting steps.,"Hey! That's super annoying. Try restarting the app or checking your internet connection. If it still won't let you add the song, let us know which device you're on so we can dig deeper! 🎧 /AI",3,4,"The draft provides generic troubleshooting steps (restart app, check internet) which may not address the specific issue, whereas the ground truth correctly asks for error messages or screenshots to diagnose the problem. The tone is casual and empathetic, fitting the brand voice well, though slightly less targeted than the human agent's inquiry.",,
546,".@USER The debut album from Stormwarrior is self titled, not called ""Same"".",@USER Hey there! Could you let us know what device/OS you're using? We'll take a look backstage /DF,Content Availability,Feature Request & Feedback,False,False,"This is a correction regarding metadata accuracy, which is handled as general feedback rather than a critical system failure.",Thanks for the heads-up! We've passed this along to our metadata team to get that album title sorted out. 🎧 /AI,2,4,"The draft hallucinates a specific internal process ('passed to metadata team') and promises a fix without verifying the issue or asking for necessary context (device/OS) as the ground truth did. While the tone is casual and polite, the lack of verification makes the helpfulness low.",,
1437,@USER @USER @USER sad to say Spotify is not in India,@USER Hey Prajwal! We're launching in new countries as often as possible. Be sure to add your email at /K,App Bug & Performance,Content Availability,False,False,"The user is inquiring about regional service availability, which is a standard support query.","We hear you! We're working hard to bring Spotify to more regions, but we aren't in India just yet. Keep an eye on our socials for updates! 🌍 /AI",3,4,"The response is empathetic and casual, but it misses the specific call to action (providing the link to sign up for updates) found in the ground truth, making it less helpful. The tone is good, though slightly generic compared to the personalized human reply.",,
1918,@SpotifyCares Eastern time,"@USER 2: If you don't have that device, we're afraid it won't be possible to see your History. Do you recall the genre/lyrics of this track? /LP",App Bug & Performance,Feature Request & Feedback,False,False,The user is likely requesting a feature to display times in Eastern Time or providing feedback on the current time zone display.,Hey there! We hear you on the time zone preferences. We've passed this feedback along to our product team to see if we can make time displays more flexible for you. Thanks for the suggestion! 🕒 /AI,1,3,"The AI completely hallucinates the user's intent, interpreting a likely typo or fragment as a feature request for time zone settings, whereas the ground truth indicates the user was asking about device compatibility for viewing history. The tone is acceptable but irrelevant to the actual issue.",,
1399,@SpotifyCares Works with keyboard and Beats Solo 3 tho,@USER Thanks for that info. Can you try the steps here for us: They should help with this. Let us know how it goes /JI,App Bug & Performance,App Bug & Performance,False,False,"The user is providing troubleshooting details regarding a device-specific issue, which can be handled with standard support steps.","Thanks for the update! That helps narrow it down. Since it works with other devices, it might be a specific connection or driver issue with that pair. Have you tried restarting your phone and the headphones? Let us know if that helps! /AI",3,4,"The AI provides generic troubleshooting advice (restarting) rather than the specific steps linked in the ground truth, which is less effective for a technical support issue. The tone is casual and empathetic, matching the brand voice well, though it lacks the specific resource provided by the human agent.",,
1327,"@SpotifyCares Are you really relying on your customers to determine release dates? 😲 The One-T ODC = 2003, The One-T's ABC = 2006","@USER Thanks for sending this over. We've reported this to our Content team, who will be taking a closer look at this soon. If you need anything else, just shout! /K",Content Availability,Content Availability,False,False,The user is providing factual corrections regarding release dates rather than reporting a technical failure or billing issue.,Thanks for the heads-up on those dates! We'll pass that info along to our content team to ensure our metadata is as accurate as possible. 📅 /AI,5,5,"The draft correctly identifies the issue as a metadata error and commits to reporting it to the content team, matching the ground truth's action. The tone is casual, empathetic, and concise, fitting the brand voice perfectly.",,
146,@SpotifyCares Avrx2000 Denon amp . Using Spotify app on Samsung s 6 .via wireless set up .says connected on the amp but isn't connecting via the phone and app.,"@USER Thanks for the info. As we look to improve the overall Spotify experience, we are removing the app's integration from the Denon Avrx2000. There's more info here: We hope this clears things up. Let us know if you have any other questions /LM",App Bug & Performance,App Bug & Performance,False,False,"This is a connectivity issue between the app and external hardware, which is typically resolved with troubleshooting steps rather than human escalation.","Hey! Wireless connections can be tricky sometimes. Try restarting both your phone and the Denon amp, and make sure they're on the same Wi-Fi network. If it still won't connect, check your Spotify app settings to ensure Bluetooth or Wi-Fi casting is enabled. Let us know if that helps! /AI",2,4,"The draft provides generic troubleshooting advice that is likely ineffective because the ground truth indicates the app integration for this specific device is being removed, making the issue a policy/compatibility matter rather than a simple connection glitch. The tone is casual and empathetic, but the content fails to address the root cause identified by the human agent.",,
1247,@SpotifyCares will tablet mode work on a samsung galaxy tab E ? The screen dimensions are 9.6 inches.,@USER Hi Jae! Could you check if your device meets the system requirements at We'll keep an eye out for your reply /LP,App Bug & Performance,Feature Request & Feedback,False,False,"This is a general product compatibility inquiry, not a technical failure or account issue.","Hey there! Tablet mode is designed for larger screens, so it should work great on your 9.6-inch Galaxy Tab E. Enjoy the bigger view! 📱✨ /AI",2,4,"The draft hallucinates a definitive answer ('should work great') without verifying system requirements, whereas the ground truth correctly directs the user to check official specs. The tone is casual and friendly but lacks the necessary caution for a technical compatibility question.",,
1300,@SpotifyCares It doesn’t let me click the filter bar when editing my playlist and there is no option in the (...) next to the song that says delete,"@USER Hmm. Just to check, does the filter not allow you to enter any text at all? Can we also have you send over a screenshot of the options available to you once the (...) button has been selected? We'll see what we can suggest /JI",Audio Playback Failure,App Bug & Performance,False,False,This is a UI interaction issue that can be resolved with troubleshooting steps.,"Hey! That sounds like a UI glitch. Try force-closing the app and restarting it, or clearing the cache if you're on Android. If it persists, let us know! /AI",3,4,"The draft provides generic troubleshooting steps (force close/cache) which may not address the specific UI issue described, whereas the ground truth correctly requests diagnostic information (screenshots/clarification) to identify the root cause. The tone is casual and empathetic, fitting the brand voice, though it lacks the specific investigative approach of the human agent.",,
350,@SpotifyCares I have a samsung s7 edge. I have the newest Spotify update and the same for my phone.,@USER Have you tried logging out &gt; restarting your device &gt; logging back in? See if that helps /RH,App Bug & Performance,App Bug & Performance,False,False,"The user is reporting a technical issue on a specific device, which falls under auto-resolvable app performance categories.","Hey! Thanks for the details. Since you're on the latest updates, could you tell us exactly what's going wrong? Is it crashing, freezing, or acting weird? Let's get that sorted! 📱 /AI",3,5,"The draft is helpful by asking for specific symptoms, which is a valid troubleshooting step, though it misses the immediate standard fix (restart) provided in the ground truth. The tone is perfect, matching the casual and empathetic style of @SpotifyCares with appropriate emoji usage.",,
1093,@SpotifyCares is down?,"@USER Hey there! The website should be up and running. Are you getting any error messages when accessing the site? If so, can you send us a screenshot? /PB",App Bug & Performance,App Bug & Performance,False,False,General service status inquiry can be handled with standard troubleshooting or status page link.,"Hey! We're up and running on our end. If you're seeing issues, try restarting the app or checking your connection. Let us know if it persists! 🎧 /AI",4,5,"The response is helpful and addresses the user's concern by confirming status and offering basic troubleshooting steps, though it misses the specific request for a screenshot found in the ground truth. The tone is perfectly casual, empathetic, and concise, matching the brand voice with an appropriate emoji.",,
1493,@SpotifyCares do I need to open Spotify on my ps4 to connect my phone? Before the new update I was able to use my phone to connect instead,@USER Hey! We suggest opening Spotify first so Connect can see your PlayStation 4 as a device. More info here: /BX,App Bug & Performance,Feature Request & Feedback,False,False,"The user is inquiring about a change in functionality and suggesting a feature improvement, which does not require escalation.","Hey! Thanks for the feedback. Currently, you do need to have the app open on the PS4 to initiate the connection, but we've passed your suggestion along to the team to see if we can make that easier in the future. 🎮📱 /AI",4,4,"The draft correctly answers the user's question and acknowledges the change in behavior, though it misses the specific link provided in the ground truth. The tone is casual and empathetic, fitting the brand voice well.",,
334,"@SpotifyCares hey guys, how come when i play music off my laptop this static sound increases until i can't hear the original music","@USER Hey Kevin, that doesn't sound good. Just to check, is it happening to any track? What Mac OS and Spotify version are you using? /RK",Audio Playback Failure,Audio Playback Failure,False,False,This is a technical audio issue that can be resolved with standard troubleshooting steps.,"That sounds really annoying! 🎧 Try restarting your laptop and checking your audio drivers. If it persists, let us know what device you're using so we can dig deeper. /AI",3,4,"The draft provides generic troubleshooting steps (restarting, checking drivers) rather than asking for the specific diagnostic information (OS, version, track specificity) requested by the human agent, which is more effective for this type of technical issue. The tone is casual and empathetic, fitting the brand voice well.",,
946,@SpotifyCares i'm in Portugal right now,"@USER Thanks! Fingers crossed we'll be able to have it soon, but there's info about Spotify content here: /LO",App Bug & Performance,Feature Request & Feedback,False,False,"The user is sharing their location, likely in response to a previous prompt or as general context, without reporting a specific technical issue or billing dispute.","Hey! Thanks for letting us know you're in Portugal. Is there a specific issue you're running into while traveling, or just checking in? Let us know how we can help! 🇵🇹 /AI",3,4,"The draft is polite and asks for clarification, but it fails to provide the specific resource link (/LO) that the ground truth provided, which is the key helpful action for a user stating their location. The tone is casual and empathetic, though the flag emoji is slightly unnecessary compared to the ground truth's simplicity.",,
777,"@USER @SpotifyCares hi Spotify,are there any extra requirement for approval on Spotify Artist?(beside register the band on the Spotify Artist app)",@USER Hey! Our friends in Artist Support are the right folks to help with this. You can get in touch with them here: /JM,App Bug & Performance,Feature Request & Feedback,False,False,"This is a general inquiry about artist onboarding requirements, not a technical failure or account issue.","Hey there! 👋 Usually, just having your music distributed through a partner is enough to get verified. If you're stuck, check the Artist Hub for the latest steps. Let us know if you hit a wall! /AI",2,4,"The draft hallucinates specific policy details (distribution partner requirement) and fails to route the user to Artist Support, which is the correct next step according to the ground truth. The tone is casual and friendly, but the lack of accurate routing makes it unhelpful.",,
552,@SpotifyCares not sure if it's my phone or your app but I keep skipping mid podcast to the next episode,@USER Hey there! Can you let us know your phone's operating system and the Spotify version you're running? We'll see what we can suggest /LO,Audio Playback Failure,Audio Playback Failure,False,False,This is a playback issue that can be resolved with standard troubleshooting steps.,"Hey! That sounds annoying. Try clearing the app cache or restarting your phone to see if that fixes the skipping. If it persists, let us know! /AI",3,4,"The draft provides generic troubleshooting steps (clearing cache) which may not be the correct first step for a specific app bug, whereas the ground truth correctly identifies the need for device and version details to diagnose the issue. The tone is casual and empathetic, matching the brand voice well, though it misses the specific diagnostic request.",,
1895,"@USER hey hey. small bug on desktop, maybe. The radio thumbnails as well as the play control bar sometimes pulse/flash weirdly.","@USER Hey Joseph, thanks for sending us those screenshots! Could you let us know what OS you're rocking, as well as your Spotify version? /TB",Audio Playback Failure,App Bug & Performance,False,False,This is a visual UI glitch that can be resolved with standard troubleshooting steps.,Hey! That pulsing effect sounds like a rendering hiccup. Try restarting the desktop app or clearing the cache to see if that fixes it. Let us know if it persists! /AI,3,4,"The draft provides generic troubleshooting steps (restart/cache) instead of requesting the specific diagnostic information (OS and version) required by the ground truth to identify the bug. The tone is casual and empathetic, fitting the brand voice, but lacks the specific routing needed for a bug report.",,
1310,@SpotifyCares Cont: I am using an Android system.,@USER Hi there. Can you DM us your account's email address? We'll take a look /LM,App Bug & Performance,App Bug & Performance,False,False,"The user is providing device context, likely in response to a previous troubleshooting step or as a precursor to reporting a technical issue, which falls under auto-resolvable app performance categories.","Got it, thanks for the info! Let us know if you're running into any specific glitches or crashes on Android so we can help you out. 📱 /AI",2,4,"The draft fails to request the necessary account email address via DM, which is the critical next step identified in the ground truth, instead asking for vague details. The tone is casual and appropriate, but the lack of actionable routing makes it unhelpful.",,
1409,"@SpotifyCares Hello. I've turned off autoplay, yet Spotify keeps playing music I do not want after an album/playlist ends. Driving me nuts.",@USER Hey there! Can you let us know the device/OS and Spotify version you're using? We'll see what we can suggest /AR,Audio Playback Failure,App Bug & Performance,False,False,This is a known settings/behavior issue that can be resolved with troubleshooting steps.,"Hey! Sorry about the unwanted music. Try toggling Autoplay off again in Settings > Playback, or check if 'Continue playing' is enabled. If it persists, a quick app restart usually fixes it. 🎧 /AI",3,4,"The draft provides generic troubleshooting steps that may not address the specific bug, whereas the ground truth correctly identifies the need for device and version details to diagnose the issue. The tone is casual and empathetic, fitting the brand voice well.",,
1140,@SpotifyCares Only on High Sierra. I’m on version:,@USER Thanks! Could you try restarting your device and see if that'll make a difference? Keep us in the loop /JM,App Bug & Performance,App Bug & Performance,False,False,"The user is reporting a technical issue related to a specific OS version, which is an auto-resolvable app performance matter.",Hey! Thanks for the details. High Sierra can be a bit tricky with newer app versions. Could you try clearing the cache or reinstalling the app? Let us know if that helps! 🎧 /AI,3,5,"The draft is helpful and addresses the issue, but it suggests clearing the cache or reinstalling, which are not the standard first steps for a macOS app (unlike the ground truth's restart suggestion). The tone is perfect, matching the casual and empathetic style of the brand.",,
449,@SpotifyCares I keep getting automated replies with no help to my question,"@USER Not to worry, rest assured you're talking to a live person. Can you let us know how we can help you out? We'll see what we can suggest /MO",App Bug & Performance,Feature Request & Feedback,False,False,The user is expressing frustration with the support experience rather than reporting a specific technical failure or billing issue.,"We're really sorry you're hitting a wall with our automated responses! 😔 We're always working to improve how we help, so we've passed your feedback along to the team. Thanks for sticking with us! /AI",2,4,"The draft fails to address the user's immediate need for assistance by not asking for the specific question or confirming a live agent is present, unlike the ground truth. While the tone is empathetic and casual, the lack of actionable next steps makes it unhelpful.",,
1402,@SpotifyCares I am having triuble with cancelling my premium as ther is no change or cancel option on my laptop or phone,"@USER Hey Maddison, help's here! No worries, you can cancel anytime by heading to Let us know if you need a hand /TR",Billing & Subscription,Billing & Subscription,True,True,"The user is unable to access the cancellation option for their subscription, which requires manual account intervention.","Hey there! I'm sorry to hear you're having trouble finding the cancel option. Since this involves your subscription status, I've flagged this for our billing team to help you out directly. Hang tight! /AI",3,4,"The draft is empathetic and concise but fails to provide the direct solution (link to account settings) that the ground truth offers, instead vaguely 'flagging' the issue which may not resolve the user's immediate need for a link. The tone is good, though slightly more formal than the casual ground truth.",,
664,I need to listen to hands and xback spotify wont let me why @USER @USER,@USER Hi there. We'd love to have them on Spotify! Hopefully we will in the future. Check this out: /DR,App Bug & Performance,Content Availability,False,False,"The user is reporting that specific tracks are unavailable to play, which falls under catalogue limitations rather than a technical fault or account issue.",Hey! Sorry about that. Sometimes specific tracks aren't available in your region or due to licensing. You can check if they're in your library or try a different device. /AI,2,4,"The draft hallucinates a technical issue (region/licensing) and suggests irrelevant troubleshooting steps, whereas the ground truth correctly identifies that the content is not on the platform at all. The tone is acceptable but the advice is misleading and unhelpful.",,
1726,@SpotifyCares why none of the imagine dragons' songs are playable? it happened since a couple days ago! please fix it!,"@USER Hi there! Don't worry, we'll figure this out. Can you let us know what device and version of Spotify you're using? /DR",Audio Playback Failure,Content Availability,False,False,"The issue is related to specific artist content availability, which is typically an auto-resolvable catalogue or licensing matter.",Hey! Sorry about the Imagine Dragons trouble. 🎸 This might be a temporary licensing hiccup. Try clearing your cache or checking if the songs are available in your region. We're on it! /AI,2,4,"The draft hallucinates a specific cause ('licensing hiccup') and suggests generic troubleshooting steps (clearing cache) that are likely ineffective for a specific artist's catalog issue, whereas the ground truth correctly requests device/version details to diagnose the problem. The tone is casual and empathetic but lacks the professional routing of the human agent.",,
1573,"@USER doesn't work since yesterday with my audio's chromecast. Pbm is on Android &amp; IOs. Other apps work well like youtube, tunein, gmusic","@USER Hey, help's here! Can you let us know which Android and iOS version you're running on the devices that you're using to cast? /MA",Audio Playback Failure,Audio Playback Failure,False,False,This is a standard connectivity issue that can be resolved with troubleshooting steps.,"Hey! Sorry your music isn't flowing to your Chromecast. 🎧 Since other apps work, try restarting both your phone and the Chromecast, and make sure they're on the same Wi-Fi. If that doesn't fix it, let us know! /AI",3,5,"The AI provides generic troubleshooting steps (restart, Wi-Fi check) which are helpful but miss the specific diagnostic information (OS versions) requested by the human agent to resolve the issue. The tone is excellent, matching the casual and empathetic style of @SpotifyCares with appropriate emoji usage.",,
1589,@SpotifyCares what should I do if my album is currently under another bands spotify page? Trying to get access on Spotify for artists.,@USER Hey! You can contact our Artist team here: They'll be the best folks to help you out /ND,Content Availability,Account & Login Access,False,True,"The user is unable to access their Spotify for Artists account to manage their catalog, which requires human verification.","Hey! That sounds frustrating. Since you're having trouble accessing your Spotify for Artists account to fix the catalog issue, I'm going to loop in a specialist who can help verify your identity and get you back in. Hang tight! 🎧 /AI",3,4,"The draft fails to provide the direct link to the Artist team support page, which is the specific solution provided in the ground truth, instead vaguely promising to 'loop in a specialist' which may not be the correct workflow for this specific catalog issue. The tone is empathetic and casual, matching the brand voice well, but the lack of a direct resource makes it less helpful than the ground truth.",,
114,@USER your web player is broken. Help.,@USER Hey Erin! Does clearing your cache/cookies help? You might also want to try using an incognito window. Let us know how it goes /KL,Audio Playback Failure,App Bug & Performance,False,False,This is a technical performance issue that can be resolved with standard troubleshooting steps.,"Sorry to hear the web player is acting up! 🛠️ Try clearing your browser cache or switching to a different browser. If it persists, let us know what error you're seeing. /AI",5,5,"The draft directly addresses the issue with standard troubleshooting steps (clearing cache) and requests specific error details if the problem persists, which is helpful and accurate. The tone is empathetic, casual, and concise, matching the brand voice perfectly with appropriate emoji usage.",,
469,"@USER my music keeps stuttering, whether it's downloaded or streaming. I have premium. I already redownloaded the app on my phone.","@USER Hey there! What device, operating system, and Spotify version are you using? We'll see what we can suggest /KC",Billing & Subscription,Audio Playback Failure,True,False,This is a standard playback issue that can be resolved with troubleshooting steps.,"Hey! Sorry about the stuttering, that's annoying. Since you've already reinstalled, try clearing your cache in settings and checking your internet connection. If it's still acting up, let us know! /AI",3,4,"The draft provides generic troubleshooting steps (clearing cache) that may not be the most effective first step compared to the ground truth's request for specific device and version details to diagnose the issue. The tone is empathetic and casual, fitting the brand voice well, though it lacks the specific diagnostic routing of the human agent.",,
1683,@SpotifyCares I'm using the latest version of Spotify on iOS 11.0.3,"@USER Thanks! To reduce the number of Suggested Tracks you get, try adding more artists into your playlists /QI",App Bug & Performance,App Bug & Performance,False,False,"The user is reporting a technical issue related to app version compatibility, which is typically handled by standard troubleshooting steps.","Hey! Thanks for flagging that. iOS 11 is pretty old, so the latest Spotify might not run smoothly on it. Can you tell us what’s going wrong? Is it crashing or just acting weird? 📱 /AI",2,4,"The draft fails to address the specific issue implied by the ground truth (reducing suggested tracks) and instead asks for generic troubleshooting details, missing the core solution. The tone is casual and empathetic, but the content is unhelpful for the specific user intent.",,
1648,@SpotifyCares I have not noticed anything else not working. Restart and log in/out did not work either.,@USER Got it. Does this happen when logging in to other devices as well? /SJ,Account & Login Access,App Bug & Performance,True,False,"User reports app malfunction that persists after standard troubleshooting steps, which is typically auto-resolvable via further technical support.","Sorry to hear restarting didn't fix it! 🤔 Could you tell us exactly what's going wrong (crashing, no sound, etc.) and which device you're using? We'll dig in. /AI",4,5,"The AI correctly identifies that specific details are missing and asks for them, which is a valid troubleshooting step, though it misses the specific cross-device check used by the human agent. The tone is empathetic, casual, and concise, fitting the brand voice perfectly.",,
646,. @SpotifyCares @USER it’s been little over a year since @USER got bamboozled. can you guys fix the album art? thanks!,@USER Thanks. We'll get this reported. Great detective work! 🔍 /LS,Content Availability,App Bug & Performance,False,False,This is a visual display issue that can be resolved through standard troubleshooting steps.,Hey! Sorry the album art is acting up. Try clearing your app cache or reinstalling the app to fix the display glitch. Let us know if it persists! /AI,2,3,"The draft provides generic troubleshooting advice (clearing cache) which is likely irrelevant for a specific album art error that has persisted for a year, whereas the ground truth correctly identifies this as a reporting issue. The tone is acceptable but lacks the specific acknowledgment of the user's effort ('detective work') found in the ground truth.",,
821,"@SpotifyCares So, you are human. Now update me on the status of the Touch Preview issue. You have received one month of complaints. What are next steps.","@USER We don't have any info to share right now, but as soon as we do, we'll make sure to let everyone know /PL",App Bug & Performance,Feature Request & Feedback,False,False,The user is requesting a status update on a known feature issue rather than reporting a new critical failure or billing dispute.,"Hey! We hear you loud and clear. The team is actively working on the Touch Preview improvements, and we appreciate your patience while we get this sorted. 🎧 /AI",2,4,"The draft hallucinates that the team is 'actively working' on the issue, whereas the ground truth explicitly states there is no info to share, which is a significant accuracy failure. The tone is casual and empathetic, matching the brand voice well, but the false promise undermines the helpfulness.",,
548,"Yo @SpotifyCares, you got the wrong CL listed as the art for the song No Better Feelin' it should be @USER","@USER Hey Diego, we're here to help! Can you send us the Spotify URI? Just right-click the track &gt; Share &gt; URI. We'll be right here /RV",App Bug & Performance,Feature Request & Feedback,False,False,This is a minor metadata correction request that does not require human intervention.,Thanks for flagging that! We've passed this along to our content team to get the artwork sorted out. 🎨 /AI,2,4,"The draft fails to request the necessary Spotify URI to identify the specific track, instead making a generic promise to pass it along which may not be actionable without the link. The tone is casual and empathetic, but the lack of specific next steps reduces its helpfulness significantly compared to the ground truth.",,
135,"@SpotifyCares hi there, for the last few months Spotify won’t load on my smart TV. It did previously, acc is still active but no love!",@USER Hi there! Can you let us know the make &amp; model of your smart TV? We'll see what we can suggest /NY,App Bug & Performance,App Bug & Performance,False,False,This is a technical performance issue with the TV app that can be resolved with standard troubleshooting steps.,"Hey! Sorry the TV app is being stubborn. Try clearing the app cache or reinstalling it, and make sure your TV's software is up to date. Let us know if that helps! 📺 /AI",3,5,"The draft provides generic troubleshooting steps that may not be effective for a persistent issue and fails to ask for the specific device make and model required to diagnose the problem, unlike the ground truth. However, the tone is perfectly aligned with the brand, being casual, empathetic, and concise.",,
432,I hate that @USER never wants to work on my Playstation 4.,@USER Hey Courtney! What exactly is going on with your Spotify on the PS4? We'll do our best to help you out /BH,Audio Playback Failure,Feature Request & Feedback,False,False,The user is expressing frustration about a third-party device (PlayStation 4) rather than reporting a specific Spotify bug or account issue.,"Hey! We hear you on the PS4 frustration. While we can't control the console itself, we're always working to improve our app across all platforms. Thanks for the feedback! 🎮 /AI",2,4,"The draft fails to address the specific technical issue or request necessary details (like error messages) to help the user, instead offering a generic and slightly dismissive response about console control. The tone is casual and empathetic but lacks the proactive helpfulness of the ground truth.",,
1870,@SpotifyCares is there a particular reason behind the fact that I can only download 3333 titles per device when having Spotify premium?,"@USER Hi! We don't have any more info to share about this right now, but we'll let the right folks know you'd like to sync more tunes offline /MC",Billing & Subscription,Feature Request & Feedback,True,False,The user is inquiring about a standard product limitation rather than reporting a technical failure or billing issue.,"Hey there! That limit is actually a standard part of the Premium plan to ensure fair usage across devices. We know it can be tight, so we've passed your feedback along to the team! 🎧 /AI",2,4,"The draft hallucinates a specific policy reason ('fair usage') which the ground truth explicitly states they do not have information on, making it misleading. The tone is casual and empathetic, but the factual inaccuracy significantly reduces helpfulness.",,
1931,"@SpotifyCares Hi, my account has been hacked - email address and password changed. I need to revert this back ASAP. I received the email about the change 1 hour ago","@USER Hey there, we’re sorry to hear that. Check out for what to do next /NQ",Account & Login Access,Account & Login Access,True,True,"The user reports a security breach involving unauthorized changes to their account credentials, which requires immediate human intervention.",We're so sorry to hear this! Security is our top priority. We've flagged this for our security team to review and help you secure your account immediately. Please check your email for next steps. /AI,2,4,"The draft hallucinates that the account has been 'flagged' and 'reviewed' by a security team, which is not a standard automated response and may mislead the user; it also fails to provide the specific resource link (/NQ) used in the ground truth. The tone is empathetic and appropriate, but the lack of actionable, accurate next steps significantly reduces helpfulness.",,
1161,@SpotifyCares any idea when the French podcast section will be live on your platform?,"@USER Hey! We're afraid we don't have any info on this, but we'll let the right team know it's something you'd like to see /NJ",Feature Request & Feedback,Content Availability,False,False,This is a general inquiry about content availability and does not meet the criteria for escalation.,"Hey there! We're always working to expand our catalog, but we don't have a specific timeline for new regional sections yet. Keep an eye on our app for updates! 🎧 /AI",4,5,"The response correctly addresses the lack of specific information without hallucinating a timeline, though it misses the opportunity to explicitly state that the request will be passed to the relevant team as done in the ground truth. The tone is perfectly aligned with the brand: casual, empathetic, and concise with appropriate emoji usage.",,
1794,@SpotifyCares You guys basically did the same.... “if and when”,"@USER We don't have any more info on this right now, but we'll let the right team know it's something you'd like to see /QI",App Bug & Performance,Feature Request & Feedback,False,False,"The user is expressing frustration about a vague timeline for a feature or fix, which falls under feedback and does not require immediate human escalation.",We hear you! We know waiting is tough. We're working hard to get things sorted out as quickly as possible. Thanks for your patience! 🎧 /AI,2,4,"The draft is generic and fails to address the specific complaint about the 'if and when' response, nor does it commit to escalating the feedback to the right team as the ground truth does. While the tone is casual and empathetic, it lacks the specific action (noting the request) that makes the human reply helpful.",,
1470,@USER you have a defect on iOS app where bottom menu disappears and oh man is it annoying!!,"@USER Hey Mark! What device, OS, and Spotify version are you using? A screenshot will come in handy too. We'll see what we can suggest /MC",App Bug & Performance,App Bug & Performance,False,False,This is a UI bug that can be addressed through standard troubleshooting steps.,"Yikes, that sounds super frustrating! 😩 Please try restarting the app or updating to the latest version. If it persists, let us know your iOS version so we can dig deeper. /AI",4,5,"The response is empathetic and provides immediate troubleshooting steps (restart/update) which is helpful, though it misses the specific request for device model and screenshot found in the ground truth. The tone is perfectly casual, concise, and matches the brand voice with appropriate emoji usage.",,
644,@SpotifyCares I think it works on faster speeds? Idk the search bar has been kind of wonky lately,"@USER We understand. Can you try using a different internet connection, and see if it makes a difference? /GU",App Bug & Performance,App Bug & Performance,False,False,"The user is reporting a UI performance issue with the search bar, which is an auto-resolvable app bug.",Thanks for the heads up! We're looking into those search bar quirks to get things running smoother for you. 🎧 /AI,2,4,"The draft fails to provide the specific troubleshooting step (changing internet connection) found in the ground truth, instead offering a vague promise to 'look into it' which does not resolve the user's immediate issue. The tone is casual and empathetic, but the lack of actionable advice significantly reduces its helpfulness.",,
435,@USER @USER Your crappy app just downloaded heaps of songs on cellular data despite it being disabled in the app and used all my data. Wtf. Very angry.,"@USER Hey, that doesn't sound right. Can you let us know the device, operating system, and Spotify version you're using? We'll see what we can suggest /RH",Playlist & Library Sync,App Bug & Performance,False,False,"The issue is a technical bug regarding data usage settings, which falls under auto-resolvable app performance issues.","We're really sorry about that unexpected data usage! That's definitely not the experience we want for you. Please check your app settings to ensure 'Download over cellular' is off, and let us know if it happens again so we can investigate. /AI",3,4,"The response is empathetic and addresses the frustration, but it fails to request the specific diagnostic information (device, OS, version) required by the ground truth to actually investigate the bug. It also suggests a troubleshooting step the user likely already performed, making it less helpful than the human agent's direct request for details.",,
1342,"@USER I can't get spotify to play any songs. I was playing one, tried to skip it but then it just wouldn't play any songs at all.","@USER Hey Melanie, help's here. Can you let us know the device, OS, and Spotify version you're using? We'll see what we can suggest /KL",Audio Playback Failure,Audio Playback Failure,False,False,This is a standard playback issue that can be resolved with troubleshooting steps.,"Hey! That's super frustrating. 🎧 Try restarting the app or your device first. If that doesn't work, check your internet connection. Let us know if it's still stuck! /AI",3,4,"The draft provides generic troubleshooting steps (restart, check internet) which are helpful but misses the specific diagnostic information (device, OS, version) requested by the human agent to provide a targeted solution. The tone is casual and empathetic, fitting the brand voice well.",,
1022,". @USER it's 2017, add an easily accessible sleep timer to your damn app already. Sincerely, every user. #SleepSpotifySleep #UpAllNight",@USER Hey! A sleep timer is a great idea. Help make it happen by adding support here: /NQ,App Bug & Performance,Feature Request & Feedback,False,False,"This is a standard feature request regarding app functionality, not a critical issue requiring human intervention.",We hear you loud and clear! 📝 We've passed this feedback along to our product team to see what we can do. Thanks for the shout-out! /AI,3,4,"The draft acknowledges the feedback and claims to have passed it along, which is helpful but lacks the specific actionable link provided in the ground truth to help users support the feature. The tone is casual and empathetic, fitting the brand voice well, though slightly more generic than the direct human response.",,
810,@SpotifyCares 💚you care. Thank you!,"@USER We sure do! In fact, we'd say... 💚 /TB",App Bug & Performance,Feature Request & Feedback,False,False,"The user is expressing gratitude and positive sentiment, requiring no escalation.","Aww, thank you! We appreciate the love. 💚 /AI",5,5,"The response perfectly matches the casual and empathetic tone of the ground truth, using appropriate emojis and concise language. It directly addresses the customer's positive sentiment without adding unnecessary information.",,
1811,I still hate the fact that irresistible is not on spotify that song deserves better,@USER Hi there! Thanks for sharing your thoughts. Could you let us know the artist for this track? We'll take a look backstage /LP,Content Availability,Content Availability,False,False,"This is a standard content availability issue regarding a specific song not being in the catalog, which is handled automatically.",We hear you! It's always tough when a favorite track isn't available due to licensing. We've passed your feedback along to the team. 🎧 /AI,2,4,"The draft fails to ask for the artist name, which is the critical piece of information needed to investigate the missing track, and incorrectly claims the feedback has already been passed along. The tone is casual and empathetic, but the lack of actionable next steps significantly reduces its helpfulness.",,
1872,@SpotifyCares Version 8.4 Samsung Galaxy S8,"@USER Thanks for that info. Does logging out, restarting your device, and logging back into Spotify help? Keep us posted /JI",App Bug & Performance,App Bug & Performance,False,False,"User provided app version and device details, likely for troubleshooting a technical issue.",Thanks for the details! We're looking into any issues with version 8.4 on the Galaxy S8. Is there a specific error or crash you're seeing? /AI,4,5,"The draft is helpful by asking for specific error details, which is a valid troubleshooting step, though it misses the immediate 'restart' fix provided in the ground truth. The tone is perfect: casual, concise, and empathetic, matching the brand voice well.",,
1316,"@SpotifyCares (2/2) and I now have access to a new streaming chan called ""Web Player (Firefox)"", yet I don't have Firefox on my mac. Help me","@USER Hey Romain! Don't worry, we're here to help. Can you let us know OS X version you have installed? We'll see what we can suggest /MT",Audio Playback Failure,App Bug & Performance,False,False,This is a technical display issue within the app settings that can be resolved with troubleshooting steps.,"Whoa, that’s definitely a glitch! 🤯 Try logging out and back in, or clearing your browser cache to see if that phantom device disappears. If it’s still there, let us know! /AI",3,4,"The draft provides generic troubleshooting steps (logging out/clearing cache) that may not resolve the specific issue of a phantom device appearing without the browser installed, whereas the ground truth correctly identifies the need for OS version details to diagnose the root cause. The tone is casual and empathetic, fitting the brand voice well.",,
939,@USER are you having tech issues rn? I cannot connect,"@USER Hey Jay! Could you let us know your device's make/model, operating system, and Spotify version? We'll see what we can suggest /GU",App Bug & Performance,Account & Login Access,False,True,"The user is reporting an inability to connect or sign in, which requires manual account verification.",Hey! Sorry you're having trouble connecting. Let's get a specialist to check your account status and get you back up and running. /AI,2,4,"The draft fails to request the specific technical details (device, OS, version) required to diagnose the connection issue, instead vaguely promising a specialist check which may not be the correct next step. The tone is empathetic and casual, but the lack of actionable information makes it less helpful than the ground truth.",,
292,@USER is your app available to download on an Apple Watch?,"@USER Hi Gracie! Although the app is not currently available for the Apple Watch, be sure to check out the official idea and add your vote to let our devs know it's something you'd like to see: 🙂 /JI",Playlist & Library Sync,Feature Request & Feedback,False,False,"This is a general inquiry about platform availability and potential feature request, not a critical issue requiring human escalation.","Hey there! While you can't download the full app to your Apple Watch yet, you can definitely control Spotify from your phone or use the Watch app to manage playback if you have a compatible device. We're always working on new ways to keep the music flowing! 🎧 /AI",2,4,"The draft hallucinates a feature (controlling Spotify from the Watch app) that contradicts the ground truth stating the app is not available, and it fails to direct the user to the official idea page for voting. The tone is casual and friendly but lacks the specific helpful routing provided by the human agent.",,
542,"@SpotifyCares Ok sorry. The question was if you plan to release ""A triumph for Man"" with Mew. Best regards, Per",@USER Got it. What country is your account set to? We'll check things out /AY,Billing & Subscription,Content Availability,True,False,"The user is inquiring about the release of a specific track, which is a standard content availability question.","Hey Per! We're always adding new music, but we don't have a specific release date for that track yet. Keep an eye on your library for updates! 🎧 /AI",2,4,"The draft hallucinates a specific status ('no specific release date') which is not in the ground truth and likely incorrect, whereas the human agent correctly identified the need to check account region settings. The tone is casual and friendly but fails to address the actual troubleshooting step required.",,
505,"@SpotifyCares True but from the point of view of user interface, should automatically or at least add the button for refresh",@USER Thanks! It's great to hear your thoughts about having a refresh button. We'll be sure to forward your feedback to the right team /TQ,App Bug & Performance,Feature Request & Feedback,False,False,"This is a product suggestion regarding UI functionality, not a critical service outage or account issue.",Good shout! We've passed your suggestion to the product team to look into adding a manual refresh button. Thanks for helping us improve the app! 📝 /AI,5,5,"The response correctly identifies the user's feedback and confirms it has been forwarded, matching the ground truth's intent. The tone is casual, concise, and empathetic, fitting the brand voice perfectly.",,
1525,After less than a day of testing @USER I've run into so many limitations. Lack of a combined (local+streamed) library is a deal-breaker.,@USER Hey Indrek! You can sync your local music files to your Spotify account. More info here: Hope this helps /CX,Audio Playback Failure,Feature Request & Feedback,False,False,The user is providing product feedback regarding a missing feature rather than reporting a technical failure or billing issue.,Thanks for the honest feedback! We hear you on the local + streamed library gap and have passed this along to the team. We're always working to improve the experience. 🎧 /AI,2,4,"The draft fails to provide the specific solution (syncing local files) found in the ground truth, instead offering a generic acknowledgment that doesn't resolve the user's issue. The tone is empathetic and casual, but the lack of actionable information significantly lowers its helpfulness.",,
1103,"Anyone else having issues connecting to @USER Phone says I'm offline, web just gives me spinning circle of death :(","@USER Hi Kathryn! Can you let us know your phone's operating system and Spotify version? Also, what browser are you using? /NY",Playlist & Library Sync,Account & Login Access,False,True,"The user is experiencing a persistent login/connectivity failure across multiple platforms, indicating a potential account access issue that requires manual investigation.","Hey! That sounds super frustrating. 😓 Since you're having trouble connecting on both phone and web, please DM us your account email so our team can take a closer look and get you back online. /AI",3,4,"The draft is empathetic and concise but fails to ask for the specific technical details (OS, version, browser) that the ground truth identifies as necessary for troubleshooting, instead jumping straight to a DM request. The tone is good and matches the brand voice, though it misses the opportunity to gather initial diagnostic info publicly.",,
538,Thor OST please @USER,"@USER Hi there! Fingers crossed we'll be able to have it soon, but there's info about Spotify content here: /WW",App Bug & Performance,Content Availability,False,False,The user is inquiring about the availability of a specific soundtrack in the catalog.,"Hey! We're always adding new music, but the Thor OST might not be in our catalog yet. Keep an eye out for updates! 🎬 /AI",4,4,"The response correctly addresses the user's request by explaining the potential absence of the content and suggesting they wait for updates, though it lacks the specific resource link provided in the ground truth. The tone is casual and empathetic, fitting the brand voice well.",,
1529,"@USER Hi! I recieved a gift card, but somehow I can't redeem it. #help","@USER Hey Nadi! Can you DM us your account's username or email address, and the code you're trying to redeem? We'll see what we can suggest /AP",Billing & Subscription,Billing & Subscription,True,True,Gift card redemption issues involve billing and account credit adjustments which require manual verification.,Hey there! Sorry about the trouble with your gift card. 🎁 I've flagged this for our billing team to look into so we can get that credit sorted for you. /AI,2,4,"The draft fails to request the necessary information (username/email and code) required to investigate the issue, instead falsely claiming it has already been flagged for the billing team. While the tone is empathetic and casual, the lack of actionable next steps makes it unhelpful.",,
1197,"@USER why did you change the order of the songs in the playlist ""This is: Deadmau5""? It was good as it was.",@USER Hey! Thanks for the feedback. We'll make sure to pass on your feedback to our Curation team. Let us know if there's anything else /RC,Audio Playback Failure,Feature Request & Feedback,False,False,This is a complaint about algorithmic curation rather than a technical failure or account issue.,"Hey! We hear you. The 'This is' playlists are auto-generated, so the order can shift as we update the algorithm to keep things fresh. Thanks for the feedback on the Deadmau5 one! 🎧 /AI",4,5,"The response is helpful by explaining the auto-generated nature of the playlists, which directly addresses the user's confusion about the order change, though it doesn't explicitly promise to pass feedback to the curation team like the ground truth. The tone is perfect: casual, empathetic, concise, and uses an appropriate emoji.",,
877,"Hey @USER, you might wanna improve some parts of your Android app's sign-in UI",@USER Hey there! Thanks for sharing your thoughts. Could you DM us your account's username or email address? We'd love to lend a hand /LP,Feature Request & Feedback,Feature Request & Feedback,False,False,"This is general product feedback regarding UI design, not a critical account access failure.","Thanks for the heads-up! We're always looking to polish the experience, so I've passed this along to the team. 🎧 /AI",2,4,"The draft fails to request the necessary account details (username/email) via DM to actually investigate the issue, instead falsely claiming it has already been passed to the team. While the tone is casual and empathetic, the lack of actionable next steps makes it unhelpful compared to the ground truth.",,
1838,"Arrgh, #spotify web player threw me out and now the login on any as a whole seem broken. @USER @USER","@USER Hey Tom! That doesn't sound good. Can you try restarting your device, then log out and back in? Let us know how it goes /AU",Account & Login Access,Account & Login Access,True,True,"The user is experiencing a complete login failure across platforms, which requires manual account verification and support.","Hey there! That sounds incredibly frustrating. Since you're locked out everywhere, our human team needs to step in to get you back in. I've flagged this for immediate review. /AI",2,4,"The draft fails to provide the basic troubleshooting steps (restart, logout/login) present in the ground truth, instead making a vague promise to flag the issue which may not be actionable or accurate. The tone is empathetic and casual, but the lack of concrete next steps significantly reduces helpfulness.",,
1195,"@SpotifyCares Hmmmm, seems I cannot pick a Bewerbung password. Incorrect token. 🤔",@USER We're afraid this is something for our Accounts team. We'd suggest following the steps on the link we sent above. Hope that helps /AC,Account & Login Access,Account & Login Access,True,True,The user is experiencing a login or authentication error that requires manual account review.,"Hey there! Sorry to hear you're stuck on that password issue. Since it's giving you a token error, our human team needs to take a look to get you back in. I've flagged this for them! 🛠️ /AI",3,4,"The draft is empathetic and casual, but it hallucinates a specific action ('flagged this') and fails to provide the necessary next steps (following the link) that the ground truth reply includes. It also incorrectly implies a human will automatically take over without user action.",,
817,"@SpotifyCares no messaged or anything it just won't play any songs,I've tried restarting computer logging out both off my phone and laptop.",@USER Can you try clearing your browser's cache and cookies? Let us know if that makes a difference /RH,Audio Playback Failure,Audio Playback Failure,False,False,This is a standard playback issue that can be resolved with troubleshooting steps.,"Hey! Sorry to hear your music is stuck. Since restarting didn't work, try clearing the cache in Settings > Storage, or check if another app is using the audio device. Let us know if that helps! 🎧 /AI",3,5,"The tone is perfect, matching the casual and empathetic style of SpotifyCares. However, the helpfulness is moderate because the user mentioned restarting their computer (implying desktop/web usage), but the AI suggested checking 'Settings > Storage' which is typically a mobile app path, whereas the ground truth correctly suggested clearing browser cache/cookies.",,
741,@SpotifyCares I’ve tried that and I get nowhere. They don’t address my issues and ignore what I say. You aren’t doing anything to help either.,"@USER 2: Give us the head's up when you have, and we'll be sure to get this chased up /K",App Bug & Performance,Account & Login Access,False,True,"The user expresses extreme frustration and claims previous support attempts were ignored, indicating a potential churn threat or unresolved critical issue.","I’m really sorry to hear you’ve had such a frustrating experience. I want to make sure this gets the attention it needs, so I’m escalating your case to a senior specialist who can dig deeper. /AI",2,4,"The draft hallucinates a specific action ('escalating to a senior specialist') that the human agent did not perform, instead of simply asking the user to confirm when they have completed the previous step. While the tone is empathetic and appropriate, the false promise of escalation makes it less helpful than the ground truth.",,
283,"i hate that i always find myself googling @USER / @SpotifyCares problems and for various things, there are multiple posts over the years but no features are added. currently, blocking - just an inconvenience for me, but some seem to have a real need for it? Just seems weird","@USER Hey, sorry to hear that! We'd love to help out. Can you let us know what's happening exactly? We'll see what we can suggest /MU",Feature Request & Feedback,Feature Request & Feedback,False,False,"This is a product feedback request regarding a missing feature, not a technical failure or account issue.","We hear you! We know the lack of a block feature can be frustrating, especially when you've been asking for it for a while. We've passed your feedback along to the team so they can keep it in mind for future updates. Thanks for sticking with us! 🎧 /AI",2,4,"The draft hallucinates a specific policy action ('passed your feedback along') and fails to ask for the specific details needed to assist, unlike the ground truth which asks for clarification. The tone is empathetic and casual, but the lack of a specific request for information makes it less helpful than the human agent's approach.",,
1043,So @USER @SpotifyCares really hasn't fix this glitch 😒 Fifth Harmony losing Streams D*mmit,"@USER Hi! To make sure we're on the same page, can you tell us what's happening exactly? Does this happen with any devices you play this on? /CO",Audio Playback Failure,Playlist & Library Sync,False,False,"The user is reporting a technical glitch regarding missing streams or sync issues, which falls under auto-resolvable categories.","Hey! Sorry to hear Fifth Harmony's streams are acting up. 😒 Could you try clearing your cache or re-downloading the tracks? If it persists, let us know! /AI",3,4,"The draft provides generic troubleshooting advice (clearing cache) which may not address the specific 'glitch' or data discrepancy the user is reporting, whereas the ground truth correctly asks for clarification on the exact issue and device. The tone is casual and empathetic, matching the brand voice well, though the use of the user's angry emoji is slightly risky.",,
1010,"@SpotifyCares hi there, I can’t seem to change my card details to continue premium account","@USER Hey, help's here! Can you DM us your account's username or email address? We'll take a look under the hood /RS",Billing & Subscription,Billing & Subscription,True,True,"The user is unable to update payment methods, which requires manual intervention to prevent service interruption.",Hey! Sorry you're having trouble updating your card. I've flagged this for our billing team to help you get that sorted out so you don't lose access. /AI,2,4,"The draft fails to request the necessary account information (username/email) via DM, which is required to actually resolve the issue, and instead makes a vague promise to flag it. The tone is empathetic and casual, but the lack of actionable next steps significantly reduces helpfulness.",,
186,Long term @USER premium user here. Is there any timeline to integrate lyrics in the app? I'd put up with an ad for this feature.,"@USER Hey there! Can you tell us what device, operating system, and version of Spotify you're using? We'll see what we can suggest /SY",Billing & Subscription,Feature Request & Feedback,True,False,This is a standard feature request without urgent issues or billing disputes.,Hey! We hear you loud and clear. We've passed your feedback along to the team—lyrics are a big one for many of us! 🎤 /AI,2,4,"The draft fails to address the specific technical context or request necessary information (device/OS) as done in the ground truth, instead offering a generic 'feedback passed along' response which may be misleading if no such process exists. The tone is casual and empathetic but lacks the helpful specificity of the human agent.",,
1547,Far out I actually can’t believe how glitchy my Spotify is being lately... plz get it together @USER,"@USER Hey Sam! That doesn't sound good. Can you let us know what's happening exactly? Also, which device/OS and Spotify version are you using? /YM",App Bug & Performance,App Bug & Performance,False,False,General performance complaint without specific account or billing issues.,We hear you! Glitches are no fun. Try restarting the app or checking for updates to smooth things out. 🎧 /AI,3,4,"The draft provides generic troubleshooting steps instead of asking for the specific diagnostic details (device, OS, version) required by the ground truth to resolve the issue. The tone is casual and empathetic, matching the brand voice well, though it lacks the specific personalization of the human agent.",,
96,@USER @USER @USER @USER @SpotifyCares - Please work together and get Spotify's playlists working on Roku. K thx bye.,"@USER Hey there. We don't have any info on this right now, but we'll let the right team know it's something you'd like to see /QI",Audio Playback Failure,App Bug & Performance,False,False,This is a technical performance issue with a specific device integration that can be addressed with troubleshooting steps.,"Hey! Sorry the Roku app is acting up. Try restarting your Roku device and checking for app updates. If it’s still glitchy, let us know! 📺 /AI",3,4,"The draft provides generic troubleshooting steps that may not address the specific 'playlists not working' issue or the lack of current info acknowledged in the ground truth, but it is not harmful. The tone is casual and empathetic, though slightly more prescriptive than the ground truth's simple acknowledgment.",,
1763,Okay @USER. How the hell does my music KEEP getting paused even after changing my Facebook password AND using the log out everywhere?,"@USER Hey, help's here. Can you let us know the device, OS, and Spotify version you're using? We'll see what we can suggest /KL",Account & Login Access,Account & Login Access,True,True,"The user is experiencing persistent playback interruptions linked to account security measures, indicating a potential account compromise or sync conflict that requires manual investigation.","That sounds incredibly frustrating, and I'm sorry you're dealing with this. Since you've already tried resetting your password and logging out everywhere, this might be a deeper account security issue. I'm escalating this to our security team to take a closer look and get your music playing smoothly again. /AI",2,3,"The draft hallucinates a specific escalation to a 'security team' which is not supported by the ground truth, failing to ask for the necessary diagnostic information (device, OS, version). The tone is empathetic but slightly more formal and verbose than the casual, concise style of the human agent.",,
224,"@SpotifyCares Nine of that applies to me, at least not that i know of. My sd card works with everything else.","@USER Thanks for the info. Can you let us know the device, OS, and Spotify version you're using? We'll see what we can suggest /NY",App Bug & Performance,App Bug & Performance,False,False,"The user is reporting a technical compatibility issue with an SD card, which is a standard app performance or bug scenario.","That’s frustrating! Since it works elsewhere, it might be a specific compatibility quirk. Try clearing the app cache or reinstalling to see if that fixes it. /AI",3,4,"The draft provides generic troubleshooting steps (clearing cache) which may not be the correct next step compared to the ground truth's request for specific device/OS details to diagnose the issue. The tone is empathetic and casual, fitting the brand voice well.",,
313,Hi! I am currently using a Galaxy S6 edge+ and vERSION 8.4.26.770 ARMv7. I updated the app not too long ago. I have the same issue on my desktop app and on the website.,@USER Thanks. Can you send us a screenshot of the tracks that are grayed out? We'll check them out /NY,App Bug & Performance,App Bug & Performance,False,False,The user is reporting a technical issue across multiple platforms without mentioning account access or billing problems.,"Hey there! Sorry to hear you're running into trouble on all your devices. Could you let us know exactly what’s happening (crashing, freezing, or something else)? That’ll help us fix it for you. /AI",3,5,"The draft is empathetic and concise, matching the brand voice well, but it asks for a general description of the issue rather than the specific screenshot requested by the ground truth, which is a more efficient next step for visual bugs like grayed-out tracks.",,
1285,"Hey @SpotifyCares, an important question...if I upgrade to the family plan today, will I be billed today or at the usual time of the month? Thanks!",@USER Hi! Your billing date will be moved a few days earlier. This is to make up for the difference in price. Hope this info helps 🙂 /DR,Billing & Subscription,Billing & Subscription,True,True,The user is inquiring about specific billing timing and potential immediate charges associated with a plan change.,"Hey there! Thanks for reaching out. Plan changes can sometimes trigger a prorated charge immediately, but it depends on your specific billing cycle. To give you the exact details for your account, I've flagged this for our billing team to check. Hang tight! /AI",2,4,"The draft fails to answer the specific question about the billing date shift, instead offering a vague 'prorated charge' explanation and unnecessarily routing the user to a billing team for a standard policy question. The tone is casual and polite, but the lack of direct information makes it significantly less helpful than the ground truth.",,
327,@SpotifyCares My Windows version is 10586 (the Spotify version I don't know),@USER Got it. Can you check your current Spotify version by clicking Help &gt; About Spotify? We'll be right here waiting /KB,App Bug & Performance,App Bug & Performance,False,False,"User is reporting a potential compatibility issue with an outdated Windows version, which is a technical support matter.","Hey! Windows 10586 is pretty old, so that might be why things are acting up. Try updating your OS or reinstalling the latest Spotify app to see if that helps. Let us know if it still glitches out! 🎧 /AI",2,4,"The draft hallucinates a problem ('acting up') and suggests OS updates instead of following the ground truth's specific instruction to check the Spotify version via Help > About. While the tone is casual, the advice is generic and misses the specific diagnostic step required.",,
1622,@SpotifyCares Help,"@USER Hey Arron, help's here! How long has this been happening? Can you try restarting the app, then logging back in? Let us know how it goes /SJ",App Bug & Performance,Account & Login Access,False,True,"The user's request is too vague to categorize, so it is escalated to a human agent for clarification.",Hey there! We're here to help. Could you give us a bit more detail about what's going on? /AI,3,4,"The draft correctly identifies the need for more information but misses the opportunity to provide immediate troubleshooting steps (like restarting the app) that the human agent included. The tone is casual and empathetic, though slightly less personalized than the ground truth.",,
1393,"@SpotifyCares What keywords besides ""playlist"", ""playlists"", + ""song"" would I use?","@USER We suggest using keywords similar to those used in the suggested idea. If you need anything else, give us a shout /RB",Audio Playback Failure,Feature Request & Feedback,False,False,"The user is asking for search tips or providing feedback on search functionality, which does not require escalation.","Hey! Try keywords like 'track', 'album', 'artist', 'genre', or 'mood' to broaden your search. 🎧 /AI",4,5,"The AI provides specific, actionable keywords that directly answer the user's question, which is more helpful than the generic ground truth. The tone is casual, concise, and empathetic, fitting the brand voice perfectly.",,
1221,"@SpotifyCares um, poor algorithmic music selection?","@USER Sorry for the confusion. Is this happening on your Discover Weekly, Daily Mixes, or other suggested content? /JP",App Bug & Performance,Feature Request & Feedback,False,False,"This is a general product feedback regarding the recommendation algorithm, which is handled by the product team and does not require immediate support escalation.",We hear you! We're always tweaking the algorithm to get it right. Thanks for the feedback! 🎧 /AI,2,4,"The draft fails to address the specific issue by not asking for necessary details (like which playlist) to troubleshoot, unlike the ground truth. While the tone is casual and empathetic, it is unhelpful because it dismisses the complaint without attempting to resolve it.",,
130,@SpotifyCares Sure it’s an iPhone 6s on iOS 11.1.1 and version 8.4.26.793 I’m on a Premium Account as well,"@USER Thanks for the info. Can you try logging out, restarting your device by holding Home + Lock for 10 seconds, then logging back in? /PB",Billing & Subscription,App Bug & Performance,True,False,"The user is providing technical details for a likely app performance issue on an older device, which can be handled via standard troubleshooting.","Thanks for the details! Since you're on an older iOS version, that might be causing some hiccups. Try updating your iPhone if possible, or let us know exactly what's going wrong (crashing, freezing, etc.) so we can help you out. 📱 /AI",3,4,"The draft is helpful by identifying the old iOS version as a potential issue, but it misses the specific troubleshooting steps (force restart) provided in the ground truth and asks for more info instead of providing a solution. The tone is casual and empathetic, fitting the brand voice well.",,
788,@SpotifyCares is there a way to see recently deleted Shazams? Had a few duplicates and deleted one and now the original is gone,@USER Hey! This looks like something the folks at Shazam might be able to help out with. We'd suggest reaching out to them for more info /RH,Playlist & Library Sync,Feature Request & Feedback,False,False,This is a feature inquiry regarding data recovery which does not require human escalation.,"Hey! We don't currently have a 'recently deleted' bin for Shazams, so once they're gone, they're gone. 😔 We've passed this feedback to the team to see if we can add a recovery option in the future. /AI",2,4,"The draft hallucinates a specific policy (no bin) and makes a false promise about passing feedback, whereas the ground truth correctly identifies that Shazam is a separate service and directs the user to them. The tone is good, but the incorrect routing makes it unhelpful.",,
781,"hello @SpotifyCares Will you support Opera web browser for the web spotify too? I am sad to see that is only available on firefox, edge and google chrome 😭","@USER Hi! We currently don't have any info to share about this, but we'll pass your feedback on to the right team. Anything else, let us know /NY",Content Availability,Feature Request & Feedback,False,False,"This is a feature request regarding browser compatibility, which is handled by the product team and does not require immediate escalation.",Hey there! We hear you! 🎧 We've passed your feedback along to the team to look into adding Opera support. Thanks for letting us know! /AI,4,5,"The response is empathetic and concise, matching the brand voice perfectly. It slightly oversteps by implying the team is actively 'looking into' adding support, whereas the ground truth correctly states there is no info to share, but it still effectively routes the feedback.",,
1220,Yoooo @USER got this lifting sanctions off Sudan wrong! I can't use the app without vpn for the 1st time in 2 years wtf,"@USER 1: Hey! We're afraid Spotify isn't available in Sudan yet. Don't worry, we're launching in new countries as often as possible. Be sure to...",App Bug & Performance,Account & Login Access,False,True,"The user is experiencing a sudden loss of access to the service in a sanctioned region, which requires manual account and regional compliance review.","Hey! That sounds incredibly frustrating, especially after using it for two years. Since this involves regional access restrictions, I'm escalating this to our specialist team to look into your account status. Hang tight! /AI",2,3,"The draft hallucinates a solution by claiming to escalate the issue to a specialist team, whereas the ground truth correctly identifies that Spotify is not available in Sudan. The tone is acceptable but slightly stiff compared to the casual ground truth.",,
958,@SpotifyCares indonesia!,"@USER Hmm, is this what you're looking for: /MA",App Bug & Performance,Feature Request & Feedback,False,False,The user is expressing a general sentiment or request regarding the Indonesian market without reporting a specific technical failure or billing issue.,Hey there! We love seeing our Indonesian community grow. 🇮🇩 Is there a specific feature or artist you're hoping to see? Let us know! /AI,3,4,"The AI response is generic and fails to provide the specific link or resource that the human agent provided in the ground truth, though it does acknowledge the user's location. The tone is friendly and appropriate, but the lack of specific utility lowers the helpfulness score.",,
1083,"@SpotifyCares It never showed up, only on different accounts....compared all...all settings the same...still not working",@USER No worries. Can you DM us your account's email address? We'll take a look backstage /DV,Account & Login Access,Playlist & Library Sync,True,False,"The user is experiencing a sync issue where content is missing on one account despite identical settings, which is an auto-resolvable technical issue.","Hey! That sounds frustrating. Since the settings match, it might be a sync glitch. Try logging out and back in, or clearing the app cache. If it's still missing, let us know! /AI",2,4,"The draft fails to address the specific issue of content missing on one account versus others, offering generic troubleshooting (cache/login) that is unlikely to resolve account-specific sync issues. It also misses the critical step of requesting the user's email via DM to investigate backstage, which is the correct resolution path.",,
514,"@USER @SpotifyCares for some reason my activity on Spotify no longer shows on facebook, how do i fix that? the last time it showed a song was the 25th of September","@USER Hey Bradley! We're afraid we no longer share your listening activity to Facebook. Rest assured, your feedback will be passed on to the right folks /LP",App Bug & Performance,App Bug & Performance,False,False,This is a technical sync issue between platforms that can be resolved by checking app permissions and settings.,"Hey! That's definitely annoying. 😕 Try disconnecting and reconnecting your Facebook account in Spotify's Social settings. If that doesn't work, make sure you haven't changed your privacy settings on Facebook. Let us know if it's still stuck! /AI",1,4,"The draft is harmful because it hallucinates a fix for a feature that has been permanently discontinued, whereas the ground truth correctly informs the user that sharing is no longer supported. The tone is casual and empathetic, but the incorrect information makes the response useless.",,
1988,@SpotifyCares When I click a song nothing happens and the “shuffle” button shakes... I’ve recorded my screen to you...,@USER That's odd. Can you DM us your account's username and email address? We'll take a look backstage /KL,Audio Playback Failure,App Bug & Performance,False,False,The issue is a technical app malfunction (UI unresponsiveness) which can be resolved via troubleshooting steps.,"Oof, that shake is definitely not the vibe we're going for! 📉 Since you've got a screen recording, please DM it to us so our tech team can take a look. In the meantime, try clearing your app cache or reinstalling the app to see if that fixes the glitch. /AI",4,5,"The draft correctly identifies the need for a DM and provides helpful troubleshooting steps, though it misses the specific request for account credentials (username/email) found in the ground truth. The tone is excellent, matching the casual and empathetic style of @SpotifyCares with appropriate emoji usage.",,
1133,"@SpotifyCares Laptop Dell, windows 10, Google chrome, wifi 4g network, and another device moto g 5plus",@USER Thanks! Does using a different browser help? Keep us in the loop /KL,App Bug & Performance,App Bug & Performance,False,False,"The user provided device and network details, likely in response to a troubleshooting request for a technical issue, which is typically auto-resolvable.",Thanks for the details! That helps us narrow it down. Could you let us know what specific issue you're experiencing on those devices? 🎧 /AI,4,5,"The AI correctly identifies that the user provided device specs but no specific problem, and asks for the missing context, which is a logical next step even if the human agent guessed a browser issue. The tone is empathetic, concise, and matches the brand voice perfectly with appropriate emoji usage.",,
1762,"@SpotifyCares Hey, I need help because I'm having some issues.","@USER Hey Gabriel! Don’t worry, we can help. What’s happening exactly? Can you let us know the device/OS you’re using? We'll see what we can suggest /JI",App Bug & Performance,Account & Login Access,False,True,"The user reports general issues without specific details, requiring human verification to determine if it is an account security or login problem.",Hey there! Sorry to hear you're running into trouble. Could you give us a quick rundown of what's happening? We'll get a specialist on it right away. /AI,4,5,"The draft is empathetic and concise, matching the brand voice well, but it misses the specific request for device/OS information that the human agent included to expedite troubleshooting. It also slightly over-promises by mentioning a 'specialist' immediately, whereas the human agent offered to suggest solutions first.",,
1930,@SpotifyCares iPhone 7+. iOS 11.1.2. Spotify 8.4.28.1104. Thank you.,"@USER Thanks for the info. Does logging out then back in help? If it doesn't, could you try restarting the device by holding Home + Lock for 10 seconds? Let us know how it goes /JS",App Bug & Performance,Feature Request & Feedback,False,False,"The user is providing device and app version details, likely in response to a previous request or as general feedback, without reporting a specific error or billing issue.","Thanks for the details! We've noted your device info. If you're still experiencing issues, let us know what's happening! 📱 /AI",2,4,"The draft fails to provide the specific troubleshooting steps (logging out/in, restarting) found in the ground truth, instead asking for more information that was likely already implied or provided in previous context. The tone is casual and polite, but the lack of actionable advice makes it significantly less helpful than the human agent's response.",,
23,@USER make the app available is south Africa plzzzzzz,@USER Hey there! We're launching in new countries as often as possible. Be sure to add your email at /JX,Content Availability,Feature Request & Feedback,False,False,"This is a general feature request regarding regional availability, not an account or billing issue.","Hey there! We're always working to bring Spotify to more places, but we don't have a specific timeline for South Africa just yet. Keep an eye on our blog for updates! 🌍 /AI",3,4,"The response is empathetic and casual, but it hallucinates a specific lack of timeline and directs the user to a blog instead of providing the actionable step (email signup) found in the ground truth. It misses the key utility of the human agent's reply.",,
1476,@USER Where’s the JPN Ver. Of BOOMBAYAH 🤔,"@USER Hey Leo! We’d love to have all of their stuff available, but we have some info about content here: /SY",App Bug & Performance,Content Availability,False,False,"The user is inquiring about the availability of a specific regional version of a track, which is a standard catalogue question.","Hey! We're checking on that JPN version for you. Sometimes specific regional releases take a bit to hit the shelves, but we'll keep an eye out! 🎧 /AI",2,4,"The draft hallucinates a policy by promising to 'check' and 'keep an eye out' for a specific regional release, which is not within the support team's control or standard procedure. The ground truth correctly directs the user to the official content availability link, whereas the draft provides misleading expectations.",,
234,@USER your web player keeps freezing and won't play anything. Sooooo annoying. 😒,@USER Hey Liz! Can you let us know what internet browser you're using? We'll be right here waiting /KL,Audio Playback Failure,App Bug & Performance,False,False,This is a standard performance issue that can be resolved with troubleshooting steps.,"Sorry to hear the web player is acting up! 🥶 Try clearing your browser cache or trying a different browser to see if that helps. If it persists, let us know which browser you're using so we can dig deeper. /AI",4,5,"The draft is helpful by providing immediate troubleshooting steps (clearing cache) while still requesting the necessary browser information for further support, matching the ground truth's intent. The tone is empathetic, casual, and concise, fitting the @SpotifyCares persona perfectly.",,
1396,@SpotifyCares It also crashes when I lock my phone too! I have an LG x Power 2,@USER Sweet. Are you getting any specific error messages? A screenshot would come in handy /NS,App Bug & Performance,App Bug & Performance,False,False,This is a standard app stability issue that can be resolved with troubleshooting steps.,"Ouch, that's definitely not the vibe we want! 📱 Since it's crashing on your LG X Power 2, try clearing the app cache or updating to the latest version. If it keeps happening, let us know so we can dig deeper! /AI",3,4,"The draft provides generic troubleshooting steps (clearing cache) which may not be the immediate next step the human agent took (asking for error details/screenshots), but it is still helpful. The tone is casual and empathetic, matching the brand voice well.",,
1812,Perfect velvet isn't available in spotify ph yet????,@USER Hi there! Is this what you're looking for: /DD,Content Availability,Content Availability,False,False,This is a standard content availability inquiry which can be handled with a standard response.,"Hey! We're sorry, but that track isn't available in the Philippines yet. Availability can vary by region due to licensing, but we're always working to add more music. Thanks for your patience! 🎧 /AI",2,4,"The draft hallucinates a definitive answer about availability without verifying the specific track or providing the link/DM route used by the human agent to clarify the user's intent. While the tone is casual and empathetic, the lack of verification makes it potentially misleading compared to the ground truth's clarifying approach.",,
1099,"@USER @SpotifyCares spotify, hello, good day, can u help me out? tried texting to 20600 too but nothing.","@USER Hey there! Don't worry, help's here. Can you DM us your account's email address or username? We'll take a look backstage /MT",App Bug & Performance,Account & Login Access,False,True,"The user is unable to reach support via SMS and is requesting assistance, which typically indicates an account access or login issue requiring human intervention.","Hey there! Sorry you're having trouble getting in touch. Since you can't reach us via text, I'm flagging this for our human team to help you out directly. Hang tight! /AI",3,4,"The draft is empathetic and acknowledges the issue, but it fails to request the necessary account details (email/username) required to actually help the user, unlike the ground truth. The tone is casual and appropriate, though slightly less direct than the human agent.",,
1537,"@USER @USER @USER @SpotifyCares Sorry for the incovenience but why the band ""Comme Restus"" is no longer avaliable in the spotify plataform?","@USER Hey there! Sometimes, content is temporarily removed because of licensing changes. Hopefully, we'll have it available again soon. There's more info here: 🙂 /JI",App Bug & Performance,Content Availability,False,False,This is a standard content availability inquiry which can be handled with general information about licensing.,"Hey there! Thanks for reaching out. Sometimes artists or labels change their licensing agreements, which can cause tracks to disappear from the platform. We're sorry you can't listen to Comme Restus right now, but we're always working to bring more music to you! 🎶 /AI",4,5,"The response correctly identifies the likely cause (licensing) and offers a polite explanation, though it misses the specific link provided in the ground truth. The tone is empathetic, casual, and concise, matching the brand voice perfectly.",,
1574,Is there a reason why I have to keep opening the app to control Spotify? As oppose to doing it from the ios home screen @SpotifyCares,@USER Hey there! Which iOS and Spotify version are you running? We'll see what we can suggest /MA,App Bug & Performance,Feature Request & Feedback,False,False,"This is a product feedback request regarding UI convenience, not a critical error.",We hear you! Having to open the app just to control playback is annoying. We've passed this feedback to our product team to see if we can improve the home screen controls. Thanks for the heads up! 🎧 /AI,2,4,"The draft fails to address the user's specific technical issue by hallucinating that the feedback was passed to the product team, whereas the ground truth correctly identifies this as a troubleshooting scenario requiring version details. The tone is empathetic and casual, but the lack of actionable next steps or diagnostic questions makes it unhelpful.",,
1312,@USER when are you updating the iOS app for iPhone X?,"@USER Hey! We don't have any info to share about this right now, but we’re working on it as we speak. Stay tuned /NQ",App Bug & Performance,Feature Request & Feedback,False,False,This is a general inquiry about app updates and does not indicate a critical issue requiring human intervention.,"Hey! We're always working on improving the app for all devices, including the iPhone X. Keep an eye on your App Store for the latest updates! 📱 /AI",4,5,"The response is helpful and addresses the user's question by confirming ongoing work and directing them to the App Store, though it lacks the specific 'no info to share' transparency of the ground truth. The tone is perfectly casual, empathetic, and concise, matching the brand voice with an appropriate emoji.",,
601,"Hi @SpotifyCares what do you think of ""Anywhere"" by @USER? I'd love to hear it from ""Today's Top Hits"". I'm looking forward! X","@USER Thanks for the feedback! Our Curation team's independent &amp; use data and trends to create playlists, but we'll pass on your thoughts /DR",App Bug & Performance,Feature Request & Feedback,False,False,"User is providing positive feedback and expressing a wish for a song to be included in a playlist, which is a standard feature request.",Thanks for the shout-out! We've passed your request along to the playlist curators. Keep an ear out for it! 🎶 /AI,4,5,"The draft correctly routes the request to the curation team and sets expectations, though it lacks the specific explanation about data/trends found in the ground truth. The tone is perfect: casual, concise, empathetic, and uses an appropriate emoji.",,
890,"@SpotifyCares hey my play.spotify isnt working. the play button refuses to work and its my account that doesnt work, tried on more pc's","@USER Hi! Can you let us know the device make and model, operating system, and Spotify version you're using? We'll see what we can suggest /GK",Account & Login Access,Account & Login Access,True,True,"The user is experiencing account-specific access issues that persist across multiple devices, requiring manual account verification.","Hey! Sorry to hear your account is acting up on multiple devices. That sounds like a specific account issue, so I'm flagging this for our support team to take a closer look. Hang tight! /AI",3,4,"The draft is empathetic and concise but fails to request the specific diagnostic information (device, OS, version) that the human agent correctly identified as necessary for troubleshooting. It prematurely escalates the issue without attempting basic triage, which is less helpful than the ground truth.",,
323,@USER Do existing subscribers get this deal? It’d be nice!,"@USER Hey Michael, helps here! This offer is for new subscribers, and subscribers who haven't taken part in any other offers. For more info on our current offers, head here: If you ever need anything else, just shout and we'll come running 🏃 /ZO",App Bug & Performance,Feature Request & Feedback,False,False,"This is a general inquiry about a potential promotion and a suggestion, not a billing dispute or account issue.","Thanks for the suggestion! We've passed that along to the team. For now, keep an eye on your email for any exclusive offers! 🎧 /AI",1,3,"The draft fails to answer the user's specific question about eligibility, instead hallucinating that the suggestion was passed to the team and directing them to check their email, which is unhelpful. While the tone is casual, the lack of accurate information makes the response ineffective.",,
929,My music is constantly stopping and it’s pissing me off what is it my phone or the app @USER @USER,"@USER Hi Deyra. Don't worry, we'll look into this. Can you tell us what phone, operating system, and app version you're using? We'll see what we can suggest /JU",App Bug & Performance,Audio Playback Failure,False,False,This is a standard playback issue that can be resolved with troubleshooting steps.,"Hey! Sorry about the interruptions, that's definitely annoying. 🎧 Try restarting the app and checking your connection first. If it keeps happening, let us know! /AI",3,4,"The draft provides generic troubleshooting steps instead of asking for the specific device and OS details required to diagnose the issue, as done in the ground truth. The tone is casual and empathetic, matching the brand voice well, but the lack of specific diagnostic questions reduces its effectiveness.",,
6,@SpotifyCares No it’s hasn’t. I’ve tried it multiple times,"@USER Hmm. Is this happening over WiFi, mobile data, or offline mode? We'll take a closer look /JE",App Bug & Performance,Account & Login Access,False,True,"The user reports persistent failure to resolve an issue despite multiple attempts, indicating a potential account access or technical blocker requiring human intervention.",I'm really sorry to hear you're still stuck after trying multiple times. Let's get a human specialist on this to sort it out for you. /AI,3,4,"The draft is empathetic and routes to a human, but it misses the specific diagnostic question (WiFi vs. mobile data) asked by the ground truth agent, which is crucial for troubleshooting. The tone is good, though slightly less casual than the ground truth.",,
1953,@SpotifyCares I’m using IOS 11.1.1 and spotify version was the photo attached. The reputation album of taylor swift only contains ..ready for it and look what you made me do.,"@USER 2: For now, check out the singles: Hope this clears things up /AY",App Bug & Performance,Content Availability,False,False,"This is a standard content availability issue regarding missing tracks in an album, which can be auto-resolved.",Hey! Thanks for flagging that. It looks like some tracks from that album might be missing due to licensing or regional restrictions. We're looking into it to make sure your library is complete. 🎧 /AI,2,4,"The AI hallucinates a specific cause (licensing/regional restrictions) and falsely claims to be 'looking into it,' whereas the ground truth simply suggests checking the singles, implying the album might not be fully available or is a different release. The tone is good, but the content is misleading and unhelpful compared to the concise human response.",,
1478,"@SpotifyCares Hey, the sound from the ads keeps playing over my music. Any way I can stop this?",@USER Hey there! Can you let us know which device and operating system you're using? We'll see what we can suggest /NQ,Audio Playback Failure,Audio Playback Failure,False,False,This is a standard playback issue that can be resolved with troubleshooting steps.,"Hey! That's super annoying. Try restarting the app or checking your device's audio settings to see if another app is interfering. If it persists, let us know! /AI",3,4,"The draft provides generic troubleshooting steps that may not address the specific ad overlap issue, whereas the ground truth correctly identifies the need for device/OS details to provide a targeted solution. The tone is casual and empathetic, matching the brand voice well.",,
1793,@SpotifyCares can u give me a premium acc on spotify,"@USER We're afraid that's not possible right now. In the meantime, check out Premium for Family here: Hope this helps /LP",Billing & Subscription,Feature Request & Feedback,True,False,The user is requesting a free product rather than reporting a technical issue or billing dispute.,"Hey there! While we can't just hand out free Premium accounts, we do have a free tier with ads if you're just looking to listen. If you're a student, check out our student discount! 🎧 /AI",4,5,"The response correctly declines the request for a free account and offers relevant alternatives (free tier, student discount), though it misses the specific 'Premium for Family' link provided in the ground truth. The tone is casual, empathetic, and concise, perfectly matching the brand voice.",,
